,date,link,company,field,place,round,amount,investor
0,2011.6.1,https://www.itjuzi.com/investevents/1418,MIGO功典资讯,广告营销,台湾,天使轮,数十万美元,appWorks之初创投
1,2011.6.1,https://www.itjuzi.com/investevents/1424,TechOrange科技报橘,文化娱乐,台湾,天使轮,数十万美元,appWorks之初创投
2,2011.6.1,https://www.itjuzi.com/investevents/1565,上海标杆物流,电子商务,上海,天使轮,数百万人民币,创业接力(创业基金会)
3,2011.6.1,https://www.itjuzi.com/investevents/1577,博雅立方CubeAD,企业服务,北京,B轮,数千万人民币,投资方未透露
4,2011.6.1,https://www.itjuzi.com/investevents/1736,妈妈网,电子商务,广东,A轮,5000万人民币,腾讯
5,2011.6.1,https://www.itjuzi.com/investevents/1788,杭州网营科技,电子商务,浙江,A轮,2700万人民币,同创伟业
6,2011.6.1,https://www.itjuzi.com/investevents/1797,安智网,工具软件,北京,A轮,数千万人民币,盛大资本-盛大网络
7,2011.6.1,https://www.itjuzi.com/investevents/2406,上海天游软件T2CN,游戏,上海,A轮,数千万人民币,联创永宣
8,2011.6.1,https://www.itjuzi.com/investevents/2420,满座网,电子商务,北京,B轮,数千万美元,KPCB凯鹏华盈中国
9,2011.6.1,https://www.itjuzi.com/investevents/2622,品尚红酒网-品尚汇,电子商务,广东,A轮,2500万人民币,同创伟业
10,2011.6.1,https://www.itjuzi.com/investevents/2695,珂兰钻石网,电子商务,上海,B轮,数千万美元,腾讯
11,2011.6.1,https://www.itjuzi.com/investevents/3539,易积电器,电子商务,广东,B轮,2000万美元,"挚信资本,IDG资本"
12,2011.5.31,https://www.itjuzi.com/investevents/10098,圆融光电(圆融光电),硬件,安徽,A轮,数千万人民币,"北极光创投,鼎晖投资"
13,2011.5.26,https://www.itjuzi.com/investevents/18939,伊美尔Evercare,本地生活,北京,A轮,2亿人民币,"君联资本,天图资本"
14,2011.5.22,https://www.itjuzi.com/investevents/17173,灿星制作(灿星文化),文化娱乐,上海,A轮,数千万人民币,华人文化产业基金
15,2011.5.21,https://www.itjuzi.com/investevents/12337,象素旅行,旅游,北京,A轮,未透露,经纬中国
16,2011.5.16,https://www.itjuzi.com/investevents/8707,艺龙旅行,旅游,北京,IPO上市后,8400万美元,腾讯
17,2011.5.13,https://www.itjuzi.com/investevents/24,蘑菇街(美丽联合集团),电子商务,浙江,A轮,数百万美元,"挚信资本,贝塔斯曼亚洲投资基金"
18,2011.5.13,https://www.itjuzi.com/investevents/235,宝贝全计划,教育,上海,天使轮,数百万人民币,原子创投
19,2011.5.12,https://www.itjuzi.com/investevents/12864,泰凌微电子,硬件,上海,A轮,数千万人民币,投资方未透露
20,2011.5.12,https://www.itjuzi.com/investevents/13834,豆丁网(豆丁书房),文化娱乐,北京,A轮,500万美元,投资方未透露
21,2011.5.5,https://www.itjuzi.com/investevents/14403,华扬联众,广告营销,北京,A轮,7500万人民币,"腾讯,百度,新浪微博(新浪微创投),搜狐/畅游,人人公司"
22,2011.5.1,https://www.itjuzi.com/investevents/55,品友互动,广告营销,北京,A轮,1000万美元,富德创投
23,2011.5.1,https://www.itjuzi.com/investevents/2416,百草味,电子商务,浙江,A轮,1000万人民币,投资方未透露
24,2011.5.1,https://www.itjuzi.com/investevents/3598,赶集网,本地生活,北京,C轮,7000万美元,"今日资本,红杉资本中国"
25,2011.5.1,https://www.itjuzi.com/investevents/200,微格互动,汽车交通,北京,天使轮,数百万人民币,经纬中国
26,2011.5.1,https://www.itjuzi.com/investevents/411,也买酒yesmywine,电子商务,上海,C轮,4000万美元,"成为资本,曼图资本Mandra Capital,DCM中国,清科创投"
27,2011.5.1,https://www.itjuzi.com/investevents/3734,星创互联,游戏,北京,天使轮,数百万人民币,极客帮创投
28,2011.5.1,https://www.itjuzi.com/investevents/4722,百邦,本地生活,北京,A轮,3000万人民币,"深圳力合创投,达泰资本"
29,2011.5.1,https://www.itjuzi.com/investevents/12911,昆仑游戏,游戏,北京,天使轮,未透露,小村资本
30,2011.5.1,https://www.itjuzi.com/investevents/4,美丽说,电子商务,北京,B轮,800万美元,红杉资本中国
31,2011.5.1,https://www.itjuzi.com/investevents/90,优爱宝机器人,硬件,上海,A轮,500万人民币,中路资本
32,2011.5.1,https://www.itjuzi.com/investevents/278,收货宝,电子商务,北京,天使轮,数千万人民币,旦恩创投
33,2011.5.1,https://www.itjuzi.com/investevents/308,乐辅通辅导王,教育,陕西,A轮,2250万人民币,天图资本
34,2011.5.1,https://www.itjuzi.com/investevents/316,iPeen爱评网,本地生活,台湾,A轮,100万美元,CA创投
35,2011.5.1,https://www.itjuzi.com/investevents/372,口袋购物,电子商务,北京,天使轮,数百万人民币,雷军-顺为创业
36,2011.5.1,https://www.itjuzi.com/investevents/497,扇贝网,教育,江苏,天使轮,未透露,天使湾
37,2011.5.1,https://www.itjuzi.com/investevents/526,房价网,房产服务,上海,B轮,数千万美元,蓝驰创投
38,2011.5.1,https://www.itjuzi.com/investevents/534,锦食送,本地生活,北京,种子轮,未透露,真格基金
39,2011.5.1,https://www.itjuzi.com/investevents/593,广州优逸网络科技,企业服务,广东,A轮,数千万人民币,联想之星
40,2011.5.1,https://www.itjuzi.com/investevents/636,拨号精灵,工具软件,北京,天使轮,数百万人民币,创新工场
41,2011.5.1,https://www.itjuzi.com/investevents/671,个信,工具软件,北京,A轮,1000万美元,美国中经合集团
42,2011.5.1,https://www.itjuzi.com/investevents/755,脸谱换换,社交网络,浙江,天使轮,未透露,阿米巴资本
43,2011.5.1,https://www.itjuzi.com/investevents/786,途客圈,旅游,北京,天使轮,数百万人民币,创新工场
44,2011.5.1,https://www.itjuzi.com/investevents/1206,RockPlayer,上海,A轮,盛大资本-盛大网络,数百万人民币,
45,2011.5.1,https://www.itjuzi.com/investevents/1217,推图,工具软件,北京,天使轮,数百万人民币,极客帮创投
46,2011.5.1,https://www.itjuzi.com/investevents/1377,果丽美,电子商务,北京,A轮,数百万美元,挚信资本
47,2011.5.1,https://www.itjuzi.com/investevents/1621,聚胜万合MediaV,广告营销,上海,C轮,5000万美元,"纪源资本GGV,光速安振"
48,2011.5.1,https://www.itjuzi.com/investevents/1789,谷得游戏,游戏,广东,A轮,数千万人民币,同威创投
49,2011.5.1,https://www.itjuzi.com/investevents/2071,YOKA时尚网,文化娱乐,北京,B轮,数千万美元,"经纬中国,IDG资本"
50,2011.5.1,https://www.itjuzi.com/investevents/2271,邻天下,企业服务,广东,天使轮,数百万人民币,创新工场
51,2011.5.1,https://www.itjuzi.com/investevents/2359,递四方速递4PX,电子商务,广东,B轮,数千万人民币,投资方未透露
52,2011.5.1,https://www.itjuzi.com/investevents/2617,爱评网iPeen,本地生活,台湾,A轮,100万美元,投资方未透露
53,2011.5.1,https://www.itjuzi.com/investevents/3422,亲亲网,电子商务,山东,天使轮,数百万人民币,投资方未透露
54,2011.4.30,https://www.itjuzi.com/investevents/18093,费洛斯药业,医疗健康,江苏,天使轮,1000万人民币,协立投资
55,2011.4.30,https://www.itjuzi.com/investevents/7175,杭州合众信息,企业服务,浙江,B轮,数千万人民币,华瓯创投
56,2011.4.28,https://www.itjuzi.com/investevents/19273,厦门吉比特网络,游戏,福建,B轮,1.6亿人民币,"达晨创投,平安财智"
57,2011.4.28,https://www.itjuzi.com/investevents/19276,铭普光磁,硬件,广东,A轮,460万人民币,达晨创投
58,2011.4.26,https://www.itjuzi.com/investevents/11701,甘李药业,医疗健康,北京,B轮,3.36亿人民币,"启明创投,高盛集团(中国),德福资本GL Captal"
59,2011.4.21,https://www.itjuzi.com/investevents/6347,世纪互联,企业服务,北京,IPO上市,亿元及以上美元,投资方未透露
60,2011.4.18,https://www.itjuzi.com/investevents/6600,北京玄鸟文化传媒,广告营销,北京,A轮,数百万人民币,投资方未透露
61,2011.4.13,https://www.itjuzi.com/investevents/7171,拓明科技,企业服务,北京,B轮,8000万人民币,"立元创投,涌铧投资"
62,2011.4.13,https://www.itjuzi.com/investevents/3000,猪八戒网,企业服务,重庆,B轮,1000万美元,IDG资本
63,2011.4.12,https://www.itjuzi.com/investevents/9532,爱思助手,工具软件,广东,天使轮,数百万人民币,创业接力(创业基金会)
64,2011.4.1,https://www.itjuzi.com/investevents/489,途牛旅游网,旅游,江苏,C轮,5000万美元,"红杉资本中国,DCM中国,高原资本中国"
65,2011.4.1,https://www.itjuzi.com/investevents/1271,韩都衣舍,电子商务,山东,A轮,1000万美元,IDG资本
66,2011.4.1,https://www.itjuzi.com/investevents/3986,Teambition,企业服务,上海,种子轮,250万人民币,投资方未透露
67,2011.4.1,https://www.itjuzi.com/investevents/14936,天创华通,本地生活,北京,天使轮,数百万人民币,险峰长青(险峰华兴)
68,2011.4.1,https://www.itjuzi.com/investevents/476,酒仙网,电子商务,北京,A轮,2000万美元,投资方未透露
69,2011.4.1,https://www.itjuzi.com/investevents/970,木瓜移动,游戏,北京,B轮,1800万美元,DCM中国
70,2011.4.1,https://www.itjuzi.com/investevents/1623,Milanoo米兰网,电子商务,四川,A轮,1000万美元,红杉资本中国
71,2011.4.1,https://www.itjuzi.com/investevents/4764,慧科讯业,文化娱乐,香港,F轮-上市前,未透露,住友商事亚洲资本
72,2011.4.1,https://www.itjuzi.com/investevents/427,天一讯灵,游戏,北京,A轮,3600万人民币,深圳中青宝
73,2011.4.1,https://www.itjuzi.com/investevents/496,code4app,社交网络,广东,天使轮,20万人民币,天使湾
74,2011.4.1,https://www.itjuzi.com/investevents/523,36氪36Kr,金融,北京,天使轮,数十万人民币,九合创投
75,2011.4.1,https://www.itjuzi.com/investevents/536,米奇网,电子商务,北京,天使轮,数千万人民币,九合创投
76,2011.4.1,https://www.itjuzi.com/investevents/545,乐蛙科技,企业服务,上海,种子轮,数十万人民币,PreAngel
77,2011.4.1,https://www.itjuzi.com/investevents/546,品果科技,工具软件,四川,天使轮,数百万人民币,经纬中国
78,2011.4.1,https://www.itjuzi.com/investevents/789,心游科技,游戏,广东,A轮,1000万人民币,创新工场
79,2011.4.1,https://www.itjuzi.com/investevents/1064,新点科技,工具软件,广东,天使轮,数百万人民币,奇虎360
80,2011.4.1,https://www.itjuzi.com/investevents/1265,聚尚网,电子商务,上海,A轮,1000万美元,"IDG资本,清科创投"
81,2011.4.1,https://www.itjuzi.com/investevents/1448,草莓派,电子商务,上海,天使轮,数百万人民币,投资方未透露
82,2011.4.1,https://www.itjuzi.com/investevents/1679,千团网,电子商务,北京,A轮,1000万人民币,真格基金
83,2011.4.1,https://www.itjuzi.com/investevents/1803,Belter倍泰健康,医疗健康,广东,A轮,1800万人民币,投资方未透露
84,2011.4.1,https://www.itjuzi.com/investevents/1845,Iwode埃沃裁缝,电子商务,广东,A轮,数千万人民币,IDG资本
85,2011.4.1,https://www.itjuzi.com/investevents/1867,Hers爱物网,文化娱乐,北京,A轮,数千万人民币,经纬中国
86,2011.4.1,https://www.itjuzi.com/investevents/2121,宜搜科技,工具软件,广东,D轮,2048万美元,"软银中国,盛大资本-盛大网络,Ventech China"
87,2011.4.1,https://www.itjuzi.com/investevents/2181,BLOVES婚戒定制,电子商务,广东,B轮,1亿人民币,投资方未透露
88,2011.4.1,https://www.itjuzi.com/investevents/2428,京东,电子商务,北京,C轮,15亿美元,"DST,Tiger老虎基金(中国),红杉资本中国,高瓴资本Hillhouse Capital"
89,2011.4.1,https://www.itjuzi.com/investevents/2555,大众点评网,本地生活,上海,C轮,1亿美元,"挚信资本,红杉资本中国,启明创投,光速安振"
90,2011.4.1,https://www.itjuzi.com/investevents/2648,迅雷网络,文化娱乐,广东,D轮,2940万美元,投资方未透露
91,2011.4.1,https://www.itjuzi.com/investevents/3455,拉手网,本地生活,北京,C轮,1.11亿美元,"麦顿投资,金沙江创投"
92,2011.3.31,https://www.itjuzi.com/investevents/7110,薄荷网,医疗健康,上海,A轮,数百万美元,晨兴资本
93,2011.3.25,https://www.itjuzi.com/investevents/15031,接吻猫KISSCAT天创时尚鞋业,电子商务,广东,A轮,1亿人民币,IDG资本
94,2011.3.24,https://www.itjuzi.com/investevents/19284,芯通科技,硬件,四川,A轮,未透露,"磐石资本,盛桥资本,泰豪晟大投资,达晨创投"
95,2011.3.21,https://www.itjuzi.com/investevents/12831,安趣科技(安趣网),游戏,北京,天使轮,数百万人民币,德迅投资
96,2011.3.14,https://www.itjuzi.com/investevents/358,喜事网,本地生活,北京,天使轮,数百万人民币,泰山天使
97,2011.3.9,https://www.itjuzi.com/investevents/19286,机客网,游戏,北京,B+轮,2200万人民币,达晨创投
98,2011.3.7,https://www.itjuzi.com/investevents/1865,深讯和科技,文化娱乐,广东,A轮,1亿人民币,"复星集团,华软投资,深圳点石投资"
99,2011.3.1,https://www.itjuzi.com/investevents/1899,美图秀秀,文化娱乐,福建,Pre-A轮,数百万美元,"IDG资本,新浪微博(新浪微创投)"
100,2011.3.1,https://www.itjuzi.com/investevents/2441,安居客,房产服务,上海,D轮,5000万美元,"百度,经纬中国"
101,2011.3.1,https://www.itjuzi.com/investevents/19278,天思信息,硬件,陕西,A轮,500万人民币,达晨创投
102,2011.3.1,https://www.itjuzi.com/investevents/1352,走秀网,电子商务,广东,A轮,2000万美元,KPCB凯鹏华盈中国
103,2011.3.1,https://www.itjuzi.com/investevents/1543,好乐买,电子商务,北京,C轮,5000万美元,"腾讯,DFJ德丰杰中国基金"
104,2011.3.1,https://www.itjuzi.com/investevents/1633,俏物悄语,电子商务,上海,B轮,4300万美元,"经纬中国,今日资本"
105,2011.3.1,https://www.itjuzi.com/investevents/127,三茅人力资源,企业服务,广东,天使轮,数百万人民币,深圳世为投资
106,2011.3.1,https://www.itjuzi.com/investevents/335,聚美优品,电子商务,北京,A轮,1000万美元,"红杉资本中国,险峰长青(险峰华兴)"
107,2011.3.1,https://www.itjuzi.com/investevents/360,花生共和,电子商务,北京,天使轮,数百万人民币,泰山天使
108,2011.3.1,https://www.itjuzi.com/investevents/493,外卖库,本地生活,北京,天使轮,20万人民币,天使湾
109,2011.3.1,https://www.itjuzi.com/investevents/565,时差网,教育,北京,天使轮,数百万人民币,"真格基金,PreAngel"
110,2011.3.1,https://www.itjuzi.com/investevents/594,乐豚Yippee Arts,教育,北京,天使轮,数百万人民币,创新工场
111,2011.3.1,https://www.itjuzi.com/investevents/707,点心移动,工具软件,北京,A轮,数千万美元,金沙江创投
112,2011.3.1,https://www.itjuzi.com/investevents/772,点点网,文化娱乐,北京,A轮,1000万美元,"红杉资本中国,联创策源"
113,2011.3.1,https://www.itjuzi.com/investevents/893,饿了么,本地生活,上海,A轮,数百万美元,金沙江创投
114,2011.3.1,https://www.itjuzi.com/investevents/944,有米广告,广告营销,广东,A轮,1000万人民币,投资方未透露
115,2011.3.1,https://www.itjuzi.com/investevents/1219,耶客网络,电子商务,上海,A轮,数百万人民币,顺为基金
116,2011.3.1,https://www.itjuzi.com/investevents/1293,深圳道熙科技,游戏,广东,天使轮,数百万人民币,德迅投资
117,2011.3.1,https://www.itjuzi.com/investevents/1421,LuxJoy华奢网,电子商务,台湾,天使轮,数十万美元,appWorks之初创投
118,2011.3.1,https://www.itjuzi.com/investevents/1452,优雅100,电子商务,北京,A轮,数千万美元,"IDG资本,DCM中国"
119,2011.3.1,https://www.itjuzi.com/investevents/1550,99无限,金融,上海,B轮,数千万人民币,投资方未透露
120,2011.3.1,https://www.itjuzi.com/investevents/2018,KKBOX,文化娱乐,台湾,不明确,未透露,宏达电HTC
121,2011.3.1,https://www.itjuzi.com/investevents/2036,脉可寻,工具软件,上海,天使轮,未透露,原子创投
122,2011.3.1,https://www.itjuzi.com/investevents/2189,全通教育,教育,广东,不明确,数千万人民币,中泽嘉盟
123,2011.3.1,https://www.itjuzi.com/investevents/2316,啪啪,社交网络,北京,A轮,1000万美元,"红杉资本中国,联创策源"
124,2011.3.1,https://www.itjuzi.com/investevents/2595,北京新游无限科技,游戏,北京,天使轮,数百万人民币,极客帮创投
125,2011.3.1,https://www.itjuzi.com/investevents/2605,宝尊电商,电子商务,上海,B轮,数千万美元,"凯欣亚洲投资Crescent Group,阿里巴巴,汉理资本"
126,2011.3.1,https://www.itjuzi.com/investevents/2928,AeroHive艾诺威,硬件,浙江,D轮,2500万美元,"NEA恩颐投资,Kleiner Perkins Caufield & Byers,北极光创投,Lightspeed Venture Partners美国光速"
127,2011.3.1,https://www.itjuzi.com/investevents/3390,侠特科技,电子商务,上海,天使轮,数百万人民币,源渡创投
128,2011.2.18,https://www.itjuzi.com/investevents/19280,金源电气,硬件,陕西,A轮,3900万人民币,"达晨创投,盈峰资本,招商局"
129,2011.2.11,https://www.itjuzi.com/investevents/6819,一起写网,文化娱乐,北京,A轮,数千万人民币,国泰创投
130,2011.2.5,https://www.itjuzi.com/investevents/14521,杭州淘巧科技,电子商务,浙江,A轮,1000万人民币,阿里巴巴
131,2011.2.1,https://www.itjuzi.com/investevents/13122,VIPHRM微知软件,企业服务,上海,天使轮,数百万人民币,上海中金资本
132,2011.2.1,https://www.itjuzi.com/investevents/1765,爱点击iClick,广告营销,香港,B轮,2000万美元,"贝塔斯曼亚洲投资基金,住友商事亚洲资本"
133,2011.2.1,https://www.itjuzi.com/investevents/2108,恺英网络(XY游戏),游戏,上海,B轮,1500万美元,"KPCB凯鹏华盈中国,经纬中国,清科创投"
134,2011.2.1,https://www.itjuzi.com/investevents/2,唱吧,文化娱乐,北京,A轮,数百万美元,蓝驰创投
135,2011.2.1,https://www.itjuzi.com/investevents/23,蘑菇街(美丽联合集团),电子商务,浙江,天使轮,数百万人民币,阿米巴资本
136,2011.2.1,https://www.itjuzi.com/investevents/134,出口易,电子商务,广东,A轮,400万美元,KPCB凯鹏华盈中国
137,2011.2.1,https://www.itjuzi.com/investevents/452,万学教育,教育,北京,B轮,2000万美元,"红杉资本中国,君联资本,DCM中国"
138,2011.2.1,https://www.itjuzi.com/investevents/543,友加,社交网络,上海,天使轮,数百万人民币,PreAngel
139,2011.2.1,https://www.itjuzi.com/investevents/577,触景无限,工具软件,北京,天使轮,数百万人民币,PreAngel
140,2011.2.1,https://www.itjuzi.com/investevents/596,卡卡移动,汽车交通,北京,天使轮,数百万人民币,雷军-顺为创业
141,2011.2.1,https://www.itjuzi.com/investevents/771,点点网,文化娱乐,北京,天使轮,200万美元,创新工场
142,2011.2.1,https://www.itjuzi.com/investevents/841,珠海奥美科技OmeSoft,医疗健康,广东,A轮,数百万人民币,盛大资本-盛大网络
143,2011.2.1,https://www.itjuzi.com/investevents/1013,PPTV聚力传媒,文化娱乐,上海,D轮,2.5亿美元,软银中国
144,2011.2.1,https://www.itjuzi.com/investevents/1156,中信太和,硬件,广东,A轮,数千万人民币,投资方未透露
145,2011.2.1,https://www.itjuzi.com/investevents/1338,广东原创动力,文化娱乐,广东,天使轮,亿元及以上人民币,投资方未透露
146,2011.2.1,https://www.itjuzi.com/investevents/1419,GameApe游戏猿,游戏,台湾,天使轮,数十万美元,appWorks之初创投
147,2011.2.1,https://www.itjuzi.com/investevents/1800,逛街助手,电子商务,北京,天使轮,数百万人民币,投资方未透露
148,2011.2.1,https://www.itjuzi.com/investevents/1817,悠易互通,广告营销,北京,B轮,2000万美元,"思伟投资,戈壁投资"
149,2011.2.1,https://www.itjuzi.com/investevents/1862,AdSame传漾科技,广告营销,上海,B轮,2000万美元,"经纬中国,SIG海纳亚洲,祥峰投资Vertex"
150,2011.2.1,https://www.itjuzi.com/investevents/2315,啪啪,社交网络,北京,天使轮,200万美元,创新工场
151,2011.2.1,https://www.itjuzi.com/investevents/2467,我的百分之一,电子商务,湖北,A轮,1000万美元,IDG资本
152,2011.2.1,https://www.itjuzi.com/investevents/2818,德比软件DerbySoft,旅游,上海,B轮,数千万美元,"凯旋创投,北极光创投"
153,2011.1.31,https://www.itjuzi.com/investevents/7010,英威诺Inveno,文化娱乐,广东,天使轮,数百万人民币,"德迅投资,架桥投资"
154,2011.1.31,https://www.itjuzi.com/investevents/17401,欢聚时代(多玩YY),工具软件,广东,C轮,7500万美元,Tiger老虎基金(中国)
155,2011.1.31,https://www.itjuzi.com/investevents/14515,正和岛狂客驿站,社交网络,北京,A轮,数千万人民币,"阿里巴巴,联想控股,复星集团,万达集团,海尔投资"
156,2011.1.28,https://www.itjuzi.com/investevents/18768,时光网Mtime,文化娱乐,北京,A轮,数百万美元,投资方未透露
157,2011.1.25,https://www.itjuzi.com/investevents/14545,七格格,电子商务,浙江,B轮,数千万人民币,经纬中国
158,2011.1.24,https://www.itjuzi.com/investevents/19285,天津亚安科技,硬件,天津,B轮,1900万人民币,"达晨创投,深圳高特佳"
159,2011.1.23,https://www.itjuzi.com/investevents/13719,贷帮网,金融,广东,天使轮,数百万人民币,隆领投资
160,2011.1.23,https://www.itjuzi.com/investevents/14462,饭后科技(饭后游戏),游戏,广东,A轮,1000万人民币,博雅互动
161,2011.1.20,https://www.itjuzi.com/investevents/153,合合信息,工具软件,上海,A轮,数百万人民币,经纬中国
162,2011.1.18,https://www.itjuzi.com/investevents/14280,07073游戏网,游戏,辽宁,A轮,数千万人民币,百度
163,2011.1.17,https://www.itjuzi.com/investevents/589,ZAKER扎客,文化娱乐,广东,A轮,数千万人民币,"联想之星,联想创投集团(乐基金)"
164,2011.1.15,https://www.itjuzi.com/investevents/728,筋斗云游戏,游戏,北京,Pre-A轮,数百万人民币,"真格基金,薛蛮子"
165,2011.1.15,https://www.itjuzi.com/investevents/4794,牛排Niupai,社交网络,上海,A轮,数百万美元,经纬中国
166,2011.1.14,https://www.itjuzi.com/investevents/1202,调查派,工具软件,重庆,A轮,数百万人民币,盛大资本-盛大网络
167,2011.1.14,https://www.itjuzi.com/investevents/2162,佳品网,电子商务,北京,C轮,数千万美元,"金沙江创投,松禾资本,泰山天使,嘉丰资本,华欧创投基金"
168,2011.1.13,https://www.itjuzi.com/investevents/666,寮堑ゴ,教育,四川,天使轮,数百万人民币,经纬中国
169,2011.1.13,https://www.itjuzi.com/investevents/843,天籁传音-天籁K歌,文化娱乐,北京,天使轮,数百万人民币,"PreAngel,分享投资"
170,2011.1.13,https://www.itjuzi.com/investevents/964,胡莱游戏(互爱科技),游戏,北京,A轮,数百万美元,清科创投
171,2011.1.13,https://www.itjuzi.com/investevents/1203,有妖气,文化娱乐,北京,A轮,数千万人民币,盛大资本-盛大网络
172,2011.1.13,https://www.itjuzi.com/investevents/2297,百程旅行网(佰程旅行),旅游,北京,A轮,数百万其他,泰山天使
173,2011.1.13,https://www.itjuzi.com/investevents/3416,艾格拉斯科技EGLS,游戏,北京,天使轮,数百万人民币,"东方元鼎资本,星河互联"
174,2011.1.13,https://www.itjuzi.com/investevents/7313,晶合思动BlingStorm,游戏,北京,天使轮,数百万人民币,伙伴创投
175,2011.1.11,https://www.itjuzi.com/investevents/3627,上海汇纳科技Winner,企业服务,上海,A轮,数百万美元,红杉资本中国
176,2011.1.6,https://www.itjuzi.com/investevents/14819,微纳芯,医疗健康,天津,天使轮,数百万人民币,联想之星
177,2011.1.4,https://www.itjuzi.com/investevents/20051,华因康基因,医疗健康,广东,A轮,数千万人民币,富海银涛
178,2011.1.1,https://www.itjuzi.com/investevents/627,穷游网,旅游,北京,A轮,数百万美元,挚信资本
179,2011.1.1,https://www.itjuzi.com/investevents/807,机锋网-迈奔灵动,游戏,北京,A轮,500万美元,"挚信资本,CA创投"
180,2011.1.1,https://www.itjuzi.com/investevents/199,天天果园,电子商务,上海,天使轮,数百万人民币,上海浦软创投
181,2011.1.1,https://www.itjuzi.com/investevents/202,咕咚网,医疗健康,四川,天使轮,2200万人民币,盛大资本-盛大网络
182,2011.1.1,https://www.itjuzi.com/investevents/445,爱拍网-爱拍原创,文化娱乐,广东,B轮,数百万美元,经纬中国
183,2011.1.1,https://www.itjuzi.com/investevents/737,豌豆荚,工具软件,北京,A轮,数千万美元,DCM中国
184,2011.1.1,https://www.itjuzi.com/investevents/1343,觅我信息,工具软件,北京,A轮,数百万美元,北极光创投
185,2011.1.1,https://www.itjuzi.com/investevents/1430,BEKIZ童壹库,电子商务,北京,A轮,1500万人民币,赛富基金
186,2011.1.1,https://www.itjuzi.com/investevents/1539,乐淘网,电子商务,北京,C轮,3000万美元,"联创策源,德同资本"
187,2011.1.1,https://www.itjuzi.com/investevents/2274,展程科技《古墓猎人》,游戏,北京,天使轮,数百万人民币,创新工场
188,2011.1.1,https://www.itjuzi.com/investevents/2423,宝宝树,本地生活,北京,B轮,数千万美元,"SIG海纳亚洲,宽带资本CBC,经纬中国"
189,2011.1.1,https://www.itjuzi.com/investevents/2443,贝乐学科英语,教育,北京,天使轮,数百万人民币,真格基金
190,2011.1.1,https://www.itjuzi.com/investevents/2656,Gensee展视互动,企业服务,北京,A轮,数百万美元,住友商事亚洲资本
191,2011.1.1,https://www.itjuzi.com/investevents/2949,Convenient Power,硬件,香港,B轮,数千万美元,"三井物产环球投资,启明创投,经纬中国"
192,2011.1.1,https://www.itjuzi.com/investevents/3701,疯果网,电子商务,北京,A轮,数百万美元,IDG资本
193,2011.1.1,https://www.itjuzi.com/investevents/3942,成都魔方在线,游戏,四川,A轮,2000万人民币,投资方未透露
194,2011.1.1,https://www.itjuzi.com/investevents/3968,美丽约(三叉戟),社交网络,上海,A轮,数百万美元,经纬中国
195,2011.1.1,https://www.itjuzi.com/investevents/4026,好大夫在线,医疗健康,北京,B轮,数千万美元,投资方未透露
196,2011.1.1,https://www.itjuzi.com/investevents/4291,上海艾亚文化传播,文化娱乐,上海,种子轮,数百万人民币,Artesian Capital Management
197,2011.1.1,https://www.itjuzi.com/investevents/4404,PBA化妆品-美易在线,电子商务,福建,天使轮,数百万人民币,隆领投资
198,2011.1.1,https://www.itjuzi.com/investevents/4444,InnoLight Technology旭创科技,硬件,江苏,A轮,数百万美元,达泰资本
199,2011.1.1,https://www.itjuzi.com/investevents/4530,辉远电子,硬件,广东,A轮,数千万人民币,投资方未透露
200,2011.1.1,https://www.itjuzi.com/investevents/4682,点媒Lomark移动广告,广告营销,广东,A轮,数百万美元,DFJ德丰杰中国基金
201,2011.1.1,https://www.itjuzi.com/investevents/38,凡趣科技Vanchu,游戏,广东,A轮,数百万美元,光速安振
202,2011.1.1,https://www.itjuzi.com/investevents/73,LC风格网,电子商务,北京,天使轮,数百万人民币,险峰长青(险峰华兴)
203,2011.1.1,https://www.itjuzi.com/investevents/93,上海慕和网络,游戏,上海,A轮,数百万美元,经纬中国
204,2011.1.1,https://www.itjuzi.com/investevents/170,酷盘Kanbox,企业服务,北京,A轮,500万美元,SIG海纳亚洲
205,2011.1.1,https://www.itjuzi.com/investevents/185,活力天汇,旅游,北京,A轮,500万美元,红杉资本中国
206,2011.1.1,https://www.itjuzi.com/investevents/187,航班管家,旅游,北京,A轮,500万美元,红杉资本中国
207,2011.1.1,https://www.itjuzi.com/investevents/194,波波网,本地生活,上海,天使轮,数十万人民币,PreAngel
208,2011.1.1,https://www.itjuzi.com/investevents/263,豪腾嘉科Hortor,游戏,北京,天使轮,数百万美元,"真格基金,险峰长青(险峰华兴)"
209,2011.1.1,https://www.itjuzi.com/investevents/356,Reebonz瑞宝仕,电子商务,上海,B轮,2800万美元,"纪源资本GGV,英特尔投资Intel Capital"
210,2011.1.1,https://www.itjuzi.com/investevents/370,可得眼镜网,电子商务,上海,A轮,数百万美元,投资方未透露
211,2011.1.1,https://www.itjuzi.com/investevents/396,知乎,社交网络,北京,天使轮,数百万人民币,创新工场
212,2011.1.1,https://www.itjuzi.com/investevents/438,大龙网DinoDirect,电子商务,重庆,B轮,数千万美元,风和投资
213,2011.1.1,https://www.itjuzi.com/investevents/498,微拍,文化娱乐,北京,天使轮,数百万人民币,"创新工场,真格基金,信中利资本"
214,2011.1.1,https://www.itjuzi.com/investevents/503,360doc,文化娱乐,北京,天使轮,数百万人民币,天使湾
215,2011.1.1,https://www.itjuzi.com/investevents/529,融道网,金融,上海,天使轮,100万美元,投资方未透露
216,2011.1.1,https://www.itjuzi.com/investevents/576,订车网,汽车交通,上海,天使轮,数百万人民币,PreAngel
217,2011.1.1,https://www.itjuzi.com/investevents/598,乐看儿童,教育,北京,A轮,数百万美元,新电投资SingTel Innov8
218,2011.1.1,https://www.itjuzi.com/investevents/625,酷伴网,教育,上海,天使轮,300万人民币,真格基金
219,2011.1.1,https://www.itjuzi.com/investevents/647,瓦力网络,工具软件,北京,A轮,数百万美元,经纬中国
220,2011.1.1,https://www.itjuzi.com/investevents/659,触宝科技,工具软件,上海,B轮,数千万美元,"启明创投,高通Qualcomm Ventures"
221,2011.1.1,https://www.itjuzi.com/investevents/704,欧瑞思丹,电子商务,北京,A轮,数百万美元,"DCM中国,德同资本"
222,2011.1.1,https://www.itjuzi.com/investevents/788,啪嗒游戏,游戏,北京,天使轮,数百万人民币,"创新工场,九合创投"
223,2011.1.1,https://www.itjuzi.com/investevents/797,旺店通,电子商务,北京,A轮,数百万美元,投资方未透露
224,2011.1.1,https://www.itjuzi.com/investevents/806,Hihey艺术网,电子商务,北京,天使轮,1000万人民币,投资方未透露
225,2011.1.1,https://www.itjuzi.com/investevents/814,厦门飞博共创,广告营销,福建,天使轮,数百万人民币,隆领投资
226,2011.1.1,https://www.itjuzi.com/investevents/815,冷笑话精选,文化娱乐,福建,天使轮,数百万人民币,隆领投资
227,2011.1.1,https://www.itjuzi.com/investevents/839,团800网,电子商务,北京,A轮,数百万美元,经纬中国
228,2011.1.1,https://www.itjuzi.com/investevents/848,Syncbox,工具软件,广东,天使轮,未透露,PreAngel
229,2011.1.1,https://www.itjuzi.com/investevents/880,上海寰融信息GFT,金融,上海,A轮,数百万美元,优点资本VantagePoint
230,2011.1.1,https://www.itjuzi.com/investevents/908,TopGame游矩乐成,游戏,北京,天使轮,数百万人民币,薛蛮子
231,2011.1.1,https://www.itjuzi.com/investevents/918,哈秀时尚网,社交网络,广东,A轮,数千万人民币,投资方未透露
232,2011.1.1,https://www.itjuzi.com/investevents/937,纳象云字幕,文化娱乐,北京,天使轮,数百万人民币,初创投资
233,2011.1.1,https://www.itjuzi.com/investevents/948,成都尼毕鲁科技Tap4Fun,游戏,四川,A轮,数百万美元,经纬中国
234,2011.1.1,https://www.itjuzi.com/investevents/1067,友宝Ubox,硬件,北京,天使轮,数百万人民币,投资方未透露
235,2011.1.1,https://www.itjuzi.com/investevents/1090,知道创宇,企业服务,北京,A轮,未透露,投资方未透露
236,2011.1.1,https://www.itjuzi.com/investevents/1201,广州天绎智能科技,企业服务,广东,B轮,未透露,投资方未透露
237,2011.1.1,https://www.itjuzi.com/investevents/1212,喜讯无限,游戏,北京,A轮,数百万美元,北极光创投
238,2011.1.1,https://www.itjuzi.com/investevents/1225,微播易,广告营销,北京,A轮,数百万人民币,盛大资本-盛大网络
239,2011.1.1,https://www.itjuzi.com/investevents/1230,海卓网HiDroid,社交网络,广东,A轮,数百万人民币,盛大资本-盛大网络
240,2011.1.1,https://www.itjuzi.com/investevents/1237,图聚智能,工具软件,上海,天使轮,数百万人民币,投资方未透露
241,2011.1.1,https://www.itjuzi.com/investevents/1292,广州创游,游戏,广东,天使轮,数百万人民币,德迅投资
242,2011.1.1,https://www.itjuzi.com/investevents/1295,深圳源通世纪,硬件,广东,天使轮,数百万人民币,德迅投资
243,2011.1.1,https://www.itjuzi.com/investevents/1308,大谷打工网,企业服务,上海,A轮,数千万美元,"金沙江创投,Infinity Venture Partners"
244,2011.1.1,https://www.itjuzi.com/investevents/1325,酷皮,金融,台湾,天使轮,数十万美元,appWorks之初创投
245,2011.1.1,https://www.itjuzi.com/investevents/1329,Richi,金融,台湾,天使轮,数十万美元,appWorks之初创投
246,2011.1.1,https://www.itjuzi.com/investevents/1395,JiaThis加网,工具软件,北京,A轮,未透露,斯道资本(富达亚洲)
247,2011.1.1,https://www.itjuzi.com/investevents/1428,Pixme自拍王,文化娱乐,台湾,天使轮,数十万美元,appWorks之初创投
248,2011.1.1,https://www.itjuzi.com/investevents/1455,Social Touch时趣互动,广告营销,北京,B轮,未透露,"纪源资本GGV,君联资本"
249,2011.1.1,https://www.itjuzi.com/investevents/1505,网上厨房/魔厨科技,本地生活,浙江,天使轮,数百万人民币,阿米巴资本
250,2011.1.1,https://www.itjuzi.com/investevents/1518,鼎开互联,工具软件,北京,天使轮,500万人民币,UCWEB优视科技
251,2011.1.1,https://www.itjuzi.com/investevents/1534,CMG茶马古道,电子商务,上海,天使轮,数十万人民币,创业接力(创业基金会)
252,2011.1.1,https://www.itjuzi.com/investevents/1559,魔趣MFunz,工具软件,上海,种子轮,数十万人民币,PreAngel
253,2011.1.1,https://www.itjuzi.com/investevents/1567,爱折客,本地生活,上海,天使轮,数十万人民币,创业接力(创业基金会)
254,2011.1.1,https://www.itjuzi.com/investevents/1585,医惠科技Ewell,医疗健康,浙江,A轮,数千万人民币,投资方未透露
255,2011.1.1,https://www.itjuzi.com/investevents/1630,香榭丽传媒,广告营销,上海,B轮,数千万美元,投资方未透露
256,2011.1.1,https://www.itjuzi.com/investevents/1737,硅易科技(易改),教育,浙江,天使轮,数百万人民币,投资方未透露
257,2011.1.1,https://www.itjuzi.com/investevents/1810,Rye Studio黑麦工作室,教育,北京,A轮,数百万美元,君联资本
258,2011.1.1,https://www.itjuzi.com/investevents/1966,乐途旅游网,旅游,北京,A轮,3000万人民币,投资方未透露
259,2011.1.1,https://www.itjuzi.com/investevents/1976,东京著衣Mayuki,电子商务,台湾,A轮,数百万美元,祥峰投资Vertex
260,2011.1.1,https://www.itjuzi.com/investevents/2075,遨乐网,旅游,上海,天使轮,数十万美元,AngelVest天使谷
261,2011.1.1,https://www.itjuzi.com/investevents/2076,Tradesparq,电子商务,上海,天使轮,数十万美元,AngelVest天使谷
262,2011.1.1,https://www.itjuzi.com/investevents/2095,诺尔康神经电子科技,医疗健康,浙江,B轮,数千万人民币,启明创投
263,2011.1.1,https://www.itjuzi.com/investevents/2137,太能沃可Talentwalker,游戏,北京,A轮,数百万人民币,架桥投资
264,2011.1.1,https://www.itjuzi.com/investevents/2153,漫画魔屏,文化娱乐,北京,A轮,数百万人民币,奥飞动漫
265,2011.1.1,https://www.itjuzi.com/investevents/2193,飞拓无限,广告营销,北京,B轮,1000万美元,SIG海纳亚洲
266,2011.1.1,https://www.itjuzi.com/investevents/2224,商业价值,文化娱乐,北京,B轮,未透露,"奇虎360,用友幸福投资"
267,2011.1.1,https://www.itjuzi.com/investevents/2227,启购时代电子商务,电子商务,北京,A轮,数千万人民币,用友幸福投资
268,2011.1.1,https://www.itjuzi.com/investevents/2298,泡泡玛特POP Mart,电子商务,北京,天使轮,数百万人民币,"创业工场VenturesLab,墨池山创投"
269,2011.1.1,https://www.itjuzi.com/investevents/2336,哈酷那游戏,游戏,北京,A轮,数百万人民币,腾讯
270,2011.1.1,https://www.itjuzi.com/investevents/2340,饭否,社交网络,广东,B轮,数千万人民币,松禾资本
271,2011.1.1,https://www.itjuzi.com/investevents/2397,有缘网,社交网络,北京,A轮,数百万人民币,险峰长青(险峰华兴)
272,2011.1.1,https://www.itjuzi.com/investevents/2620,悠游堂Yuyuto,教育,上海,A轮,数千万人民币,长青资本
273,2011.1.1,https://www.itjuzi.com/investevents/2804,阿达游戏,游戏,江苏,天使轮,200万人民币,"险峰长青(险峰华兴),真格基金"
274,2011.1.1,https://www.itjuzi.com/investevents/2894,美西时尚网,电子商务,上海,A轮,数百万美元,赛富基金
275,2011.1.1,https://www.itjuzi.com/investevents/2910,中清龙图,游戏,北京,A轮,数千万人民币,腾讯
276,2011.1.1,https://www.itjuzi.com/investevents/2916,壹柒伍网络,游戏,广东,A轮,数千万人民币,"深创投,福田投资"
277,2011.1.1,https://www.itjuzi.com/investevents/2946,魅力惠,电子商务,上海,A轮,数千万美元,三井物产环球投资
278,2011.1.1,https://www.itjuzi.com/investevents/3057,UC优视科技,工具软件,广东,D轮,数千万美元,纪源资本GGV
279,2011.1.1,https://www.itjuzi.com/investevents/3095,卡行天下,物流,上海,A轮,数千万人民币,钟鼎创投
280,2011.1.1,https://www.itjuzi.com/investevents/3149,趣游,游戏,北京,B轮,数千万美元,"华为,高原资本中国"
281,2011.1.1,https://www.itjuzi.com/investevents/3324,摩登天空ModernSKY,文化娱乐,北京,A轮,1000万人民币,天堂硅谷
282,2011.1.1,https://www.itjuzi.com/investevents/3419,杭州东创科技Eastelsoft,企业服务,浙江,A轮,数千万人民币,普华资本(普华固周资本)
283,2011.1.1,https://www.itjuzi.com/investevents/3545,太美鞋业TIMEMADE,电子商务,广东,B轮,700万美元,"顺为基金,晨兴资本,SIG海纳亚洲"
284,2011.1.1,https://www.itjuzi.com/investevents/3606,无锡华云数据,企业服务,江苏,A轮,数千万人民币,投资方未透露
285,2010.12.30,https://www.itjuzi.com/investevents/19259,中国电影,文化娱乐,北京,天使轮,未透露,达晨创投
286,2010.12.29,https://www.itjuzi.com/investevents/11105,翰尔希IMHealthcare,医疗健康,北京,A轮,数百万美元,维梧资本Vivo Capital
287,2010.12.24,https://www.itjuzi.com/investevents/19264,兆日,企业服务,广东,D轮,500万美元,"平安财智,达晨创投"
288,2010.12.24,https://www.itjuzi.com/investevents/14649,乐卡传媒,广告营销,上海,A轮,数千万人民币,挚信资本
289,2010.12.23,https://www.itjuzi.com/investevents/14469,手机大头(大头无线),文化娱乐,北京,A轮,数千万人民币,腾讯
290,2010.12.23,https://www.itjuzi.com/investevents/7308,七格格,电子商务,浙江,A轮,1亿人民币,君联资本
291,2010.12.22,https://www.itjuzi.com/investevents/11153,优朋普乐,文化娱乐,北京,B轮,2000万美元,投资方未透露
292,2010.12.19,https://www.itjuzi.com/investevents/9214,雅座,企业服务,北京,A轮,数千万人民币,启迪创投
293,2010.12.16,https://www.itjuzi.com/investevents/4839,齐家网,电子商务,上海,C轮,数千万美元,"鼎晖投资,百度"
294,2010.12.14,https://www.itjuzi.com/investevents/19469,软通动力,企业服务,北京,IPO上市,未透露,投资方未透露
295,2010.12.13,https://www.itjuzi.com/investevents/697,乐逗游戏iDreamSky创梦天地,游戏,广东,A轮,800万人民币,"联想之星,联想创投集团(乐基金)"
296,2010.12.12,https://www.itjuzi.com/investevents/649,荔枝FM,文化娱乐,广东,A轮,数百万美元,经纬中国
297,2010.12.12,https://www.itjuzi.com/investevents/16957,新英体育,体育运动,北京,A轮,数千万人民币,IDG资本
298,2010.12.9,https://www.itjuzi.com/investevents/14585,优酷土豆-合一集团,文化娱乐,北京,IPO上市,亿元及以上美元,投资方未透露
299,2010.12.9,https://www.itjuzi.com/investevents/10785,原力动画,文化娱乐,江苏,A轮,数千万人民币,"华登国际投资,东方富海"
300,2010.12.8,https://www.itjuzi.com/investevents/12491,联合创业办公社,房产服务,上海,天使轮,数百万人民币,点亮资本
301,2010.12.7,https://www.itjuzi.com/investevents/14481,广禾堂,本地生活,上海,天使轮,1000万人民币,经纬中国
302,2010.12.3,https://www.itjuzi.com/investevents/9970,观印象,文化娱乐,北京,A轮,5000万美元,"云锋基金,IDG资本"
303,2010.12.1,https://www.itjuzi.com/investevents/1410,酷漫居,电子商务,广东,A轮,6000万人民币,鼎鑫资本
304,2010.12.1,https://www.itjuzi.com/investevents/1860,导航犬,汽车交通,北京,B轮,数千万人民币,"创东方投资,四维图新"
305,2010.12.1,https://www.itjuzi.com/investevents/19277,高斯贝尔,硬件,湖南,A轮,未透露,"景林投资,达晨创投,浚源资本,中兴合创"
306,2010.12.1,https://www.itjuzi.com/investevents/105,诚迈科技,企业服务,江苏,A轮,1000万美元,IDG资本
307,2010.12.1,https://www.itjuzi.com/investevents/410,也买酒yesmywine,电子商务,上海,B轮,数千万美元,曼图资本Mandra Capital
308,2010.12.1,https://www.itjuzi.com/investevents/439,挂号网-微医集团,医疗健康,浙江,A轮,2200万美元,"风和投资,Cybernaut赛伯乐投资"
309,2010.12.1,https://www.itjuzi.com/investevents/969,木瓜移动,游戏,北京,A轮,400万美元,DCM中国
310,2010.12.1,https://www.itjuzi.com/investevents/1341,优菜网,电子商务,北京,种子轮,200万人民币,投资方未透露
311,2010.12.1,https://www.itjuzi.com/investevents/1355,绿盒子,电子商务,上海,B轮,1.2亿人民币,DCM中国
312,2010.12.1,https://www.itjuzi.com/investevents/1560,美乐乐家具网,电子商务,天津,A轮,未透露,"光速安振,险峰长青(险峰华兴)"
313,2010.12.1,https://www.itjuzi.com/investevents/1870,墨迹天气,工具软件,北京,A轮,数千万人民币,盛大资本-盛大网络
314,2010.12.1,https://www.itjuzi.com/investevents/3859,上海智翔科技Ultrawise,教育,上海,A轮,数千万人民币,同创伟业
315,2010.12.1,https://www.itjuzi.com/investevents/4336,梦芭莎,电子商务,广东,C轮,6000万美元,Tiger老虎基金(中国)
316,2010.12.1,https://www.itjuzi.com/investevents/1,美丽说,电子商务,北京,A轮,200万美元,蓝驰创投
317,2010.12.1,https://www.itjuzi.com/investevents/85,卓大师,工具软件,北京,A轮,数百万人民币,君联资本
318,2010.12.1,https://www.itjuzi.com/investevents/241,安琪艾可AngellEcho,教育,上海,天使轮,100万美元,挚信资本
319,2010.12.1,https://www.itjuzi.com/investevents/355,Reebonz瑞宝仕,电子商务,上海,A轮,1000万美元,纪源资本GGV
320,2010.12.1,https://www.itjuzi.com/investevents/418,亿赞普IZP,电子商务,北京,A轮,数百万美元,曼图资本Mandra Capital
321,2010.12.1,https://www.itjuzi.com/investevents/547,亿思创世Estrongs,工具软件,北京,天使轮,数百万人民币,"九合创投,UCWEB优视科技"
322,2010.12.1,https://www.itjuzi.com/investevents/553,来来网,旅游,北京,天使轮,未透露,九合创投
323,2010.12.1,https://www.itjuzi.com/investevents/587,我爱游戏,游戏,广东,A轮,1000万人民币,投资方未透露
324,2010.12.1,https://www.itjuzi.com/investevents/603,八方视界8D World,教育,上海,B轮,525万美元,戈壁投资
325,2010.12.1,https://www.itjuzi.com/investevents/773,布丁移动,本地生活,北京,天使轮,数百万人民币,创新工场
326,2010.12.1,https://www.itjuzi.com/investevents/777,乐啊科技,广告营销,北京,天使轮,数百万人民币,创新工场
327,2010.12.1,https://www.itjuzi.com/investevents/790,课程格子,社交网络,北京,天使轮,数百万人民币,创新工场
328,2010.12.1,https://www.itjuzi.com/investevents/931,美行科技,工具软件,辽宁,A轮,未透露,投资方未透露
329,2010.12.1,https://www.itjuzi.com/investevents/1086,NALA娜拉,电子商务,浙江,A轮,未透露,经纬中国
330,2010.12.1,https://www.itjuzi.com/investevents/1387,58同城,本地生活,北京,D轮,6000万美元,华平投资WI Harper Group
331,2010.12.1,https://www.itjuzi.com/investevents/1396,AdMaster精硕科技,广告营销,北京,A轮,数百万美元,金沙江创投
332,2010.12.1,https://www.itjuzi.com/investevents/1695,联络互动(数字天域),工具软件,北京,B轮,未透露,光速安振
333,2010.12.1,https://www.itjuzi.com/investevents/1720,VANCL凡客诚品,电子商务,北京,E轮,1亿美元,"联创策源,Tiger老虎基金(中国),IDG资本,赛富基金"
334,2010.12.1,https://www.itjuzi.com/investevents/1726,广州欢网科技,硬件,广东,B轮,数千万人民币,宽带资本CBC
335,2010.12.1,https://www.itjuzi.com/investevents/1863,优众网,电子商务,北京,A轮,1100万美元,"IDG资本,光速安振"
336,2010.12.1,https://www.itjuzi.com/investevents/2543,光环新网,企业服务,北京,B轮,数千万美元,红杉资本中国
337,2010.12.1,https://www.itjuzi.com/investevents/2889,蓝色火焰,文化娱乐,广东,A轮,亿元及以上人民币,"深创投,达晨创投,蓝色光标,福田投资"
338,2010.12.1,https://www.itjuzi.com/investevents/2901,丽子商城,电子商务,浙江,A轮,数百万美元,经纬中国
339,2010.12.1,https://www.itjuzi.com/investevents/3438,北京光芒星空,工具软件,北京,A轮,数千万人民币,华映资本
340,2010.12.1,https://www.itjuzi.com/investevents/3452,天鸽互动-9158聚乐网,社交网络,浙江,B轮,3000万美元,新浪微博(新浪微创投)
341,2010.12.1,https://www.itjuzi.com/investevents/3454,拉手网,本地生活,北京,B轮,5000万美元,"Tenaya Capital,Norwest Venture Partners,金沙江创投"
342,2010.11.30,https://www.itjuzi.com/investevents/7189,小奥游戏,游戏,北京,天使轮,数百万人民币,阿米巴资本
343,2010.11.30,https://www.itjuzi.com/investevents/8811,极客软件,游戏,陕西,天使轮,150万人民币,经纬中国
344,2010.11.29,https://www.itjuzi.com/investevents/7177,兆讯传媒,广告营销,天津,A轮,5000万人民币,富海银涛
345,2010.11.28,https://www.itjuzi.com/investevents/13055,天脉聚源TVM,企业服务,北京,A轮,1000万人民币,投资方未透露
346,2010.11.25,https://www.itjuzi.com/investevents/14540,百世物流(百世汇通),物流,浙江,C轮,数千万美元,"鼎晖投资,汉能投资,阿里巴巴"
347,2010.11.8,https://www.itjuzi.com/investevents/7172,亿赛通,企业服务,北京,A轮,数百万人民币,投资方未透露
348,2010.11.3,https://www.itjuzi.com/investevents/4720,多利农庄,电子商务,上海,A轮,1000万美元,青云创投
349,2010.11.1,https://www.itjuzi.com/investevents/1280,果壳网,社交网络,北京,天使轮,100万美元,挚信资本
350,2010.11.1,https://www.itjuzi.com/investevents/15984,康复之家,医疗健康,北京,A+轮,数千万人民币,名信中国成长基金
351,2010.11.1,https://www.itjuzi.com/investevents/652,当乐网,游戏,北京,A轮,1200万美元,启明创投
352,2010.11.1,https://www.itjuzi.com/investevents/971,天拓立方,游戏,广东,A轮,500万人民币,创东方投资
353,2010.11.1,https://www.itjuzi.com/investevents/106,文件大师-极客软件,移动互联网,陕西,天使轮,150万人民币,经纬中国
354,2010.11.1,https://www.itjuzi.com/investevents/992,驴妈妈旅游网,旅游,上海,B轮,1亿人民币,"红杉资本中国,鼎晖投资"
355,2010.11.1,https://www.itjuzi.com/investevents/1443,赢销通WinChannel,广告营销,北京,A轮,数千万美元,"英特尔投资Intel Capital,SIG海纳亚洲"
356,2010.11.1,https://www.itjuzi.com/investevents/1473,触控科技CocoaChina,游戏,北京,A轮,数百万美元,北极光创投
357,2010.11.1,https://www.itjuzi.com/investevents/2663,嘀嗒团,本地生活,北京,A轮,数百万美元,IDG资本
358,2010.10.31,https://www.itjuzi.com/investevents/2329,龙信数据,企业服务,北京,A轮,数千万人民币,"深圳力合创投,力合清源"
359,2010.10.31,https://www.itjuzi.com/investevents/8363,盘石网盟,广告营销,浙江,A轮,2000万美元,联创永宣
360,2010.10.27,https://www.itjuzi.com/investevents/12976,统统付,金融,浙江,A轮,数千万人民币,投资方未透露
361,2010.10.26,https://www.itjuzi.com/investevents/12210,广联时代,企业服务,北京,天使轮,未透露,赛富基金
362,2010.10.25,https://www.itjuzi.com/investevents/9070,兰亭集势Lightinthebox,电子商务,北京,C轮,3500万美元,"挚信资本,联创策源,金沙江创投"
363,2010.10.18,https://www.itjuzi.com/investevents/19251,AMT企源科技,企业服务,上海,A轮,5000万人民币,"浙商创投,达晨创投"
364,2010.10.16,https://www.itjuzi.com/investevents/19443,翼依科技,医疗健康,上海,天使轮,数百万人民币,礼来亚洲基金
365,2010.10.12,https://www.itjuzi.com/investevents/13837,举贤网,企业服务,北京,A轮,1000万人民币,投资方未透露
366,2010.10.8,https://www.itjuzi.com/investevents/11557,派尔特医疗,医疗健康,北京,种子轮,未透露,软银中国
367,2010.10.1,https://www.itjuzi.com/investevents/13123,星星科技,硬件,浙江,B轮,未透露,投资方未透露
368,2010.10.1,https://www.itjuzi.com/investevents/19247,联汇科技,企业服务,浙江,A轮,2000万人民币,达晨创投
369,2010.10.1,https://www.itjuzi.com/investevents/19253,中科宇图,企业服务,北京,A轮,3500万人民币,"中科招商,达晨创投"
370,2010.10.1,https://www.itjuzi.com/investevents/12,秒针系统,广告营销,北京,A轮,500万美元,红点投资Redpoint Ventures
371,2010.10.1,https://www.itjuzi.com/investevents/775,涂鸦移动Doodle Mobile,游戏,北京,天使轮,数百万人民币,创新工场
372,2010.10.1,https://www.itjuzi.com/investevents/856,北京国双科技Gridsum,企业服务,北京,A轮,数百万美元,思伟投资
373,2010.10.1,https://www.itjuzi.com/investevents/894,一九易站,电子商务,北京,A轮,数千万美元,红杉资本中国
374,2010.10.1,https://www.itjuzi.com/investevents/966,乐迪通,游戏,北京,A轮,未透露,金沙江创投
375,2010.10.1,https://www.itjuzi.com/investevents/1256,易传媒AdChina,广告营销,上海,C轮,4000万美元,金沙江创投
376,2010.10.1,https://www.itjuzi.com/investevents/1323,多看阅读,文化娱乐,北京,A轮,1000万美元,"晨兴资本,真格基金,雷军-顺为创业"
377,2010.10.1,https://www.itjuzi.com/investevents/1390,天天网,电子商务,北京,A轮,2000万美元,赛富基金
378,2010.10.1,https://www.itjuzi.com/investevents/1602,尚品网,电子商务,北京,B轮,数千万美元,"晨兴资本,思伟投资"
379,2010.10.1,https://www.itjuzi.com/investevents/1807,商印网,工具软件,广东,天使轮,50万人民币,创业工场VenturesLab
380,2010.10.1,https://www.itjuzi.com/investevents/1878,友友系统,企业服务,北京,A轮,数百万美元,宽带资本CBC
381,2010.10.1,https://www.itjuzi.com/investevents/2079,优士网,社交网络,上海,A轮,1000万人民币,"麦顿投资,AngelVest天使谷,泰山天使"
382,2010.10.1,https://www.itjuzi.com/investevents/2185,众信旅游,旅游,北京,A轮,未透露,昆吾九鼎投资
383,2010.10.1,https://www.itjuzi.com/investevents/2323,魔图精灵,工具软件,北京,天使轮,数百万人民币,创新工场
384,2010.10.1,https://www.itjuzi.com/investevents/2355,19pay一九付,金融,北京,A轮,数千万美元,"红杉资本中国,清科创投"
385,2010.10.1,https://www.itjuzi.com/investevents/2492,绿盟科技,企业服务,北京,C轮,数千万人民币,投资方未透露
386,2010.10.1,https://www.itjuzi.com/investevents/2638,爱帮网,本地生活,北京,C轮,数千万人民币,腾讯
387,2010.10.1,https://www.itjuzi.com/investevents/3300,麦考林,电子商务,上海,IPO上市,亿元及以上美元,投资方未透露
388,2010.9.30,https://www.itjuzi.com/investevents/1023,美团点评集团(新美大),本地生活,北京,A轮,1200万美元,红杉资本中国
389,2010.9.27,https://www.itjuzi.com/investevents/19248,硕贝德,硬件,广东,A轮,3900万人民币,"中科招商,达晨创投"
390,2010.9.17,https://www.itjuzi.com/investevents/10244,搜房网-房天下,房产服务,北京,IPO上市,亿元及以上美元,投资方未透露
391,2010.9.1,https://www.itjuzi.com/investevents/7098,亿程科技Etrans,企业服务,广东,A轮,4000万人民币,红杉资本中国
392,2010.9.1,https://www.itjuzi.com/investevents/428,乐乐堂,游戏,北京,天使轮,数百万人民币,深圳中青宝
393,2010.9.1,https://www.itjuzi.com/investevents/1251,多盟,广告营销,北京,A轮,300万美元,红点投资Redpoint Ventures
394,2010.9.1,https://www.itjuzi.com/investevents/1354,绿盒子,电子商务,上海,A轮,2000万人民币,挚信资本
395,2010.9.1,https://www.itjuzi.com/investevents/2053,一嗨租车,汽车交通,上海,C轮,7000万美元,"鼎晖投资,集富亚洲JAFCO,启明创投,汉理资本"
396,2010.9.1,https://www.itjuzi.com/investevents/2627,无限时空,游戏,北京,A轮,未透露,投资方未透露
397,2010.9.1,https://www.itjuzi.com/investevents/4207,神州租车,汽车交通,北京,A轮,12亿人民币,联想集团
398,2010.9.1,https://www.itjuzi.com/investevents/248,酷盘Kanbox,企业服务,北京,天使轮,数百万人民币,薛蛮子
399,2010.9.1,https://www.itjuzi.com/investevents/434,聚游戏网,游戏,四川,A轮,200万美元,投资方未透露
400,2010.9.1,https://www.itjuzi.com/investevents/583,Camera360,工具软件,四川,天使轮,数百万人民币,经纬中国
401,2010.9.1,https://www.itjuzi.com/investevents/941,TipCat,游戏,上海,天使轮,未透露,德迅投资
402,2010.9.1,https://www.itjuzi.com/investevents/2419,满座网,电子商务,北京,A轮,1000万美元,KPCB凯鹏华盈中国
403,2010.9.1,https://www.itjuzi.com/investevents/2479,赛德斯Sides,汽车交通,北京,A轮,数千万人民币,正赛联资本
404,2010.9.1,https://www.itjuzi.com/investevents/3062,优酷土豆-合一集团,文化娱乐,北京,E轮,5000万美元,"成为资本,Farallon Capital法拉龙资本,Maverick Capital,T. Rowe Price,Brookside Capital,新天域资本"
405,2010.8.31,https://www.itjuzi.com/investevents/1879,SkyCloud天云科技,企业服务,北京,A轮,数百万美元,宽带资本CBC
406,2010.8.27,https://www.itjuzi.com/investevents/14299,重庆一百度,本地生活,重庆,战略投资,数千万人民币,百度
407,2010.8.23,https://www.itjuzi.com/investevents/14409,河南沸点网络,本地生活,河南,战略投资,数千万人民币,百度
408,2010.8.15,https://www.itjuzi.com/investevents/11803,磨铁中文网,文化娱乐,北京,B轮,1亿人民币,鼎晖投资
409,2010.8.12,https://www.itjuzi.com/investevents/11846,乐视网,文化娱乐,北京,IPO上市,亿元及以上人民币,投资方未透露
410,2010.8.12,https://www.itjuzi.com/investevents/460,泰捷软件Togic-泰捷视频,硬件,广东,天使轮,数百万人民币,创业工场VenturesLab
411,2010.8.10,https://www.itjuzi.com/investevents/7183,南京汉恩数字互联,广告营销,江苏,A轮,1200万人民币,投资方未透露
412,2010.8.7,https://www.itjuzi.com/investevents/10246,奇矩互动Ismole,游戏,北京,A轮,400万美元,SIG海纳亚洲
413,2010.8.1,https://www.itjuzi.com/investevents/449,趣玩网,电子商务,北京,B轮,1000万美元,"经纬中国,挚信资本"
414,2010.8.1,https://www.itjuzi.com/investevents/1620,聚胜万合MediaV,广告营销,上海,B轮,1500万美元,"纪源资本GGV,光速安振"
415,2010.8.1,https://www.itjuzi.com/investevents/15969,中文在线,文化娱乐,北京,C轮,数千万人民币,"启迪创投,华睿投资"
416,2010.8.1,https://www.itjuzi.com/investevents/19,梆梆Bangcle,工具软件,北京,A轮,300万美元,IDG资本
417,2010.8.1,https://www.itjuzi.com/investevents/1061,四海商舟,电子商务,江苏,A轮,4000万美元,IDG资本
418,2010.8.1,https://www.itjuzi.com/investevents/1774,北森云计算,企业服务,北京,A轮,1000万人民币,"深创投,天创资本"
419,2010.8.1,https://www.itjuzi.com/investevents/4095,北京龙存科技,企业服务,北京,B轮,数千万美元,DFJ德丰杰中国基金
420,2010.8.1,https://www.itjuzi.com/investevents/131,E店宝,电子商务,北京,天使轮,数百万人民币,险峰长青(险峰华兴)
421,2010.8.1,https://www.itjuzi.com/investevents/144,TimaNetworks钛马,汽车交通,北京,天使轮,数百万人民币,纽信创投
422,2010.8.1,https://www.itjuzi.com/investevents/572,磊友,游戏,北京,天使轮,未透露,创新工场
423,2010.8.1,https://www.itjuzi.com/investevents/734,点心移动,工具软件,北京,天使轮,数百万美元,创新工场
424,2010.8.1,https://www.itjuzi.com/investevents/1885,天云大数据BeagleData,企业服务,北京,A轮,数百万美元,宽带资本CBC
425,2010.8.1,https://www.itjuzi.com/investevents/1897,合润传媒,广告营销,北京,B轮,6000万人民币,同威创投
426,2010.8.1,https://www.itjuzi.com/investevents/2040,春水堂,电子商务,北京,A轮,数千万人民币,合力投资
427,2010.8.1,https://www.itjuzi.com/investevents/2092,苏州赛富科技,电子商务,江苏,B轮,2000万人民币,投资方未透露
428,2010.8.1,https://www.itjuzi.com/investevents/2378,骏梦游戏,游戏,上海,A轮,2000万人民币,投资方未透露
429,2010.7.23,https://www.itjuzi.com/investevents/14658,复大医疗(复大肿瘤医院),医疗健康,广东,B轮,数千万人民币,挚信资本
430,2010.7.4,https://www.itjuzi.com/investevents/17539,EFORT埃夫特智能,硬件,安徽,A轮,数千万人民币,奇瑞汽车
431,2010.7.1,https://www.itjuzi.com/investevents/1107,到家美食会,本地生活,北京,A轮,200万美元,"晨兴资本,清科创投"
432,2010.7.1,https://www.itjuzi.com/investevents/1542,好乐买,电子商务,北京,B轮,1700万美元,"红杉资本中国,英特尔投资Intel Capital,DFJ德丰杰中国基金"
433,2010.7.1,https://www.itjuzi.com/investevents/1582,久邦数码-3G门户,工具软件,广东,C轮,数千万美元,"宽带资本CBC,IDG资本,美国中经合集团,集富亚洲JAFCO"
434,2010.7.1,https://www.itjuzi.com/investevents/277,益商优势,电子商务,北京,天使轮,数百万人民币,"旦恩创投,薛蛮子"
435,2010.7.1,https://www.itjuzi.com/investevents/283,伊视可眼镜（SeeStory）,电子商务,上海,天使轮,数百万人民币,旦恩创投
436,2010.7.1,https://www.itjuzi.com/investevents/934,九合游戏,游戏,北京,A轮,未透露,深创投
437,2010.7.1,https://www.itjuzi.com/investevents/1006,恒知网,社交网络,北京,A轮,数千万人民币,险峰长青(险峰华兴)
438,2010.7.1,https://www.itjuzi.com/investevents/1288,深圳禅游科技ZenGame,游戏,广东,天使轮,数百万人民币,德迅投资
439,2010.7.1,https://www.itjuzi.com/investevents/1856,乐讯科技,本地生活,广东,A轮,数千万人民币,同创伟业
440,2010.7.1,https://www.itjuzi.com/investevents/1959,悠哉旅游网,旅游,上海,A轮,500万美元,今日资本
441,2010.7.1,https://www.itjuzi.com/investevents/2449,高德,汽车交通,北京,IPO上市,亿元及以上美元,投资方未透露
442,2010.7.1,https://www.itjuzi.com/investevents/2459,北京恩维协同科技BISWIT,企业服务,北京,A轮,数千万人民币,华软投资
443,2010.7.1,https://www.itjuzi.com/investevents/2914,明源软件,房产服务,广东,A轮,数千万人民币,达晨创投
444,2010.6.31,https://www.itjuzi.com/investevents/4401,东蓝数码,企业服务,北京,A轮,数千万人民币,深创投
445,2010.6.30,https://www.itjuzi.com/investevents/7174,杭州合众信息,企业服务,浙江,A轮,1650万人民币,投资方未透露
446,2010.6.30,https://www.itjuzi.com/investevents/12868,随视传媒,电子商务,北京,B轮,6000万人民币,"浙报传媒(东方星空),中科招商"
447,2010.6.12,https://www.itjuzi.com/investevents/4910,Micamika米卡米卡,电子商务,北京,天使轮,数百万人民币,今日投资
448,2010.6.3,https://www.itjuzi.com/investevents/3453,拉手网,本地生活,北京,A轮,1000万美元,"金沙江创投,泰山天使"
449,2010.6.3,https://www.itjuzi.com/investevents/9744,EHSY西域网-西域机电,电子商务,上海,A轮,数千万人民币,达晨创投
450,2010.6.1,https://www.itjuzi.com/investevents/877,尚友社区ShareWithU,教育,北京,A轮,200万美元,蓝驰创投
451,2010.6.1,https://www.itjuzi.com/investevents/2161,佳品网,电子商务,北京,B轮,1000万美元,"嘉丰资本,松禾资本"
452,2010.6.1,https://www.itjuzi.com/investevents/1538,乐淘网,电子商务,北京,B轮,1000万美元,德同资本
453,2010.6.1,https://www.itjuzi.com/investevents/1632,俏物悄语,电子商务,上海,A轮,735万美元,经纬中国
454,2010.6.1,https://www.itjuzi.com/investevents/3660,北京青果灵动科技,游戏,北京,A轮,未透露,搜狐/畅游
455,2010.6.1,https://www.itjuzi.com/investevents/4335,梦芭莎,电子商务,广东,B轮,2000万美元,"金沙江创投,崇德投资"
456,2010.6.1,https://www.itjuzi.com/investevents/246,雪球财经,金融,北京,天使轮,数百万人民币,"薛蛮子,明势资本"
457,2010.6.1,https://www.itjuzi.com/investevents/376,人人贷,金融,北京,天使轮,数百万人民币,东方弘道(弘合基金)
458,2010.6.1,https://www.itjuzi.com/investevents/658,触宝科技,工具软件,上海,A轮,500万美元,启明创投
459,2010.6.1,https://www.itjuzi.com/investevents/766,行云,电子商务,北京,A轮,500万美元,"创新工场,腾讯"
460,2010.6.1,https://www.itjuzi.com/investevents/983,酷云阅读,广告营销,北京,A轮,未透露,伟高达创投Vickers Capital
461,2010.6.1,https://www.itjuzi.com/investevents/1326,EZtable易订网,本地生活,台湾,天使轮,数十万美元,appWorks之初创投
462,2010.6.1,https://www.itjuzi.com/investevents/1335,Tagtoo塔图科技,电子商务,台湾,天使轮,数十万美元,appWorks之初创投
463,2010.6.1,https://www.itjuzi.com/investevents/1420,GoodLife好生活,本地生活,台湾,天使轮,数十万美元,appWorks之初创投
464,2010.6.1,https://www.itjuzi.com/investevents/1422,MyBall麦伯行销,广告营销,台湾,天使轮,数十万美元,appWorks之初创投
465,2010.6.1,https://www.itjuzi.com/investevents/1423,QLL快速语言学习,教育,台湾,天使轮,数十万美元,appWorks之初创投
466,2010.6.1,https://www.itjuzi.com/investevents/1425,5945呼叫师傅,房产服务,台湾,天使轮,数十万美元,appWorks之初创投
467,2010.6.1,https://www.itjuzi.com/investevents/1426,iHealth药宅配网,医疗健康,台湾,天使轮,数十万美元,appWorks之初创投
468,2010.6.1,https://www.itjuzi.com/investevents/1576,博雅立方CubeAD,企业服务,北京,A轮,数百万人民币,投资方未透露
469,2010.6.1,https://www.itjuzi.com/investevents/1876,SuperCloud天地超云,企业服务,北京,A轮,数百万美元,宽带资本CBC
470,2010.6.1,https://www.itjuzi.com/investevents/1970,掌中酷柚,游戏,广东,A轮,数百万美元,经纬中国
471,2010.6.1,https://www.itjuzi.com/investevents/2046,虾米网,文化娱乐,浙江,A轮,数百万人民币,盛大资本-盛大网络
472,2010.6.1,https://www.itjuzi.com/investevents/2228,随锐科技,企业服务,北京,A轮,数千万人民币,用友幸福投资
473,2010.6.1,https://www.itjuzi.com/investevents/2631,酷云互动,广告营销,北京,A轮,数百万美元,伟高达创投Vickers Capital
474,2010.5.19,https://www.itjuzi.com/investevents/11702,甘李药业,医疗健康,北京,天使轮,1亿人民币,启明创投
475,2010.5.12,https://www.itjuzi.com/investevents/1000,九九维康,医疗健康,上海,A轮,1000万人民币,红杉资本中国
476,2010.5.10,https://www.itjuzi.com/investevents/13906,微网通联(原百分通联),广告营销,北京,A轮,1亿美元,澳洲电讯Telstra
477,2010.5.6,https://www.itjuzi.com/investevents/7170,拓明科技,企业服务,北京,A轮,1050万人民币,立元创投
478,2010.5.4,https://www.itjuzi.com/investevents/11996,7K7K小游戏网,游戏,北京,A轮,500万美元,"纪源资本GGV,启明创投,晨兴资本"
479,2010.5.1,https://www.itjuzi.com/investevents/19283,天津亚安科技,硬件,天津,A轮,500万人民币,天创资本
480,2010.5.1,https://www.itjuzi.com/investevents/801,机锋网-迈奔灵动,游戏,北京,天使轮,未透露,CA创投
481,2010.5.1,https://www.itjuzi.com/investevents/57,易到用车,汽车交通,北京,天使轮,100万美元,真格基金
482,2010.5.1,https://www.itjuzi.com/investevents/137,义方教育,教育,北京,天使轮,数十万美元,华创资本
483,2010.5.1,https://www.itjuzi.com/investevents/447,丁丁网,本地生活,上海,B轮,900万美元,宏达电HTC
484,2010.5.1,https://www.itjuzi.com/investevents/722,OlivePhone橄榄无线,企业服务,湖北,天使轮,数百万人民币,德迅投资
485,2010.5.1,https://www.itjuzi.com/investevents/768,友盟,企业服务,北京,天使轮,数百万人民币,创新工场
486,2010.5.1,https://www.itjuzi.com/investevents/1367,鼎亿数码3DiJoy,游戏,上海,A轮,600万美元,投资方未透露
487,2010.5.1,https://www.itjuzi.com/investevents/3597,赶集网,本地生活,北京,B轮,2000万美元,"诺基亚成长基金,蓝驰创投"
488,2010.4.28,https://www.itjuzi.com/investevents/19269,华润通,硬件,广东,B轮,未透露,"中银国际,德信投资,同盛卓越创投"
489,2010.4.23,https://www.itjuzi.com/investevents/15089,RTA路骋国旅万车游,旅游,上海,A轮,1000万人民币,艾想投资
490,2010.4.11,https://www.itjuzi.com/investevents/19245,伟景行,企业服务,北京,A轮,6000万人民币,达晨创投
491,2010.4.6,https://www.itjuzi.com/investevents/19242,中科金财,金融,北京,A轮,3600万人民币,达晨创投
492,2010.4.4,https://www.itjuzi.com/investevents/14956,美迪西,医疗健康,上海,A轮,数千万人民币,达晨创投
493,2010.4.1,https://www.itjuzi.com/investevents/7101,快乐购,电子商务,湖南,A轮,3.3亿人民币,"弘毅投资,中信产业基金,红杉资本中国"
494,2010.4.1,https://www.itjuzi.com/investevents/10108,大旗网,文化娱乐,北京,B轮,未透露,"美国中经合集团,IDG资本"
495,2010.4.1,https://www.itjuzi.com/investevents/379,大麦网,文化娱乐,北京,B轮,1亿人民币,"君联资本,SIG海纳亚洲"
496,2010.4.1,https://www.itjuzi.com/investevents/637,贝瓦网(芝兰玉树),教育,北京,天使轮,数百万人民币,德迅投资
497,2010.4.1,https://www.itjuzi.com/investevents/3037,迅游网络,游戏,四川,A轮,1亿人民币,"挚信资本,达晨创投,亚商资本"
498,2010.4.1,https://www.itjuzi.com/investevents/1386,58同城,本地生活,北京,C轮,1500万美元,"DCM中国,赛富基金"
499,2010.4.1,https://www.itjuzi.com/investevents/1571,N多网,工具软件,上海,A轮,300万人民币,盛大资本-盛大网络
500,2010.4.1,https://www.itjuzi.com/investevents/4005,爱奇艺,文化娱乐,北京,A轮,5000万美元,百度
501,2010.4.1,https://www.itjuzi.com/investevents/307,BLOVES婚戒定制,电子商务,广东,A轮,3000万人民币,天图资本
502,2010.4.1,https://www.itjuzi.com/investevents/320,淘淘搜,电子商务,浙江,天使轮,300万人民币,阿里巴巴
503,2010.4.1,https://www.itjuzi.com/investevents/334,聚美优品,电子商务,北京,天使轮,数百万美元,"真格基金,险峰长青(险峰华兴),万嘉创投"
504,2010.4.1,https://www.itjuzi.com/investevents/569,应用汇Appchina.com,工具软件,北京,天使轮,未透露,创新工场
505,2010.4.1,https://www.itjuzi.com/investevents/956,宜信,金融,北京,A轮,1000万美元,KPCB凯鹏华盈中国
506,2010.4.1,https://www.itjuzi.com/investevents/1309,北京摩卡世界,游戏,北京,A轮,200万美元,Infinity Venture Partners
507,2010.4.1,https://www.itjuzi.com/investevents/1311,北京摩游世纪,游戏,北京,A轮,200万美元,Infinity Venture Partners
508,2010.4.1,https://www.itjuzi.com/investevents/1495,RTA路骋国旅万车游,旅游,上海,A轮,数百万人民币,创业接力(创业基金会)
509,2010.4.1,https://www.itjuzi.com/investevents/1719,VANCL凡客诚品,电子商务,北京,D轮,5000万美元,Tiger老虎基金(中国)
510,2010.4.1,https://www.itjuzi.com/investevents/1877,TCloud天云趋势,企业服务,北京,A轮,数百万美元,宽带资本CBC
511,2010.4.1,https://www.itjuzi.com/investevents/3520,21Cake廿一客,电子商务,北京,A轮,数千万人民币,君联资本
512,2010.3.12,https://www.itjuzi.com/investevents/13400,北京致远协创软件,企业服务,北京,A轮,数千万人民币,用友幸福投资
513,2010.3.3,https://www.itjuzi.com/investevents/249,百付天下-上海翰鑫,金融,上海,A轮,数百万美元,挚信资本
514,2010.3.1,https://www.itjuzi.com/investevents/14518,星晨急便,物流,北京,A轮,7000万人民币,阿里巴巴
515,2010.3.1,https://www.itjuzi.com/investevents/1074,买卖宝,电子商务,江苏,B轮,未透露,腾讯
516,2010.3.1,https://www.itjuzi.com/investevents/1267,华医网,教育,北京,A轮,3000万人民币,红杉资本中国
517,2010.3.1,https://www.itjuzi.com/investevents/1868,墨迹天气,工具软件,北京,天使轮,250万人民币,险峰长青(险峰华兴)
518,2010.3.1,https://www.itjuzi.com/investevents/1093,敦煌网DHgate,电子商务,北京,C轮,3000万美元,"华平投资WI Harper Group,集富亚洲JAFCO,KPCB凯鹏华盈中国"
519,2010.3.1,https://www.itjuzi.com/investevents/1211,喜讯无限,游戏,北京,天使轮,数百万人民币,雷军-顺为创业
520,2010.3.1,https://www.itjuzi.com/investevents/2927,AeroHive艾诺威,硬件,浙江,C轮,2350万美元,"Kleiner Perkins Caufield & Byers,北极光创投,Lightspeed Venture Partners美国光速"
521,2010.3.1,https://www.itjuzi.com/investevents/3056,UC优视科技,工具软件,广东,C轮,数千万美元,诺基亚成长基金
522,2010.3.1,https://www.itjuzi.com/investevents/3413,窝窝团-众美窝窝,电子商务,北京,A轮,数千万人民币,东方元鼎资本
523,2010.2.13,https://www.itjuzi.com/investevents/2160,佳品网,电子商务,北京,A轮,100万美元,泰山天使
524,2010.2.1,https://www.itjuzi.com/investevents/1242,乐元素,游戏,北京,A轮,500万美元,DCM中国
525,2010.2.1,https://www.itjuzi.com/investevents/1808,优谈网,社交网络,上海,天使轮,1000万人民币,蓝驰创投
526,2010.2.1,https://www.itjuzi.com/investevents/4674,乐宠网,本地生活,北京,B轮,1000万美元,"君联资本,清科创投"
527,2010.2.1,https://www.itjuzi.com/investevents/4760,爱点击iClick,广告营销,香港,A轮,数百万美元,住友商事亚洲资本
528,2010.2.1,https://www.itjuzi.com/investevents/1952,中顾法律网,文化娱乐,山东,天使轮,数百万人民币,投资方未透露
529,2010.1.31,https://www.itjuzi.com/investevents/3487,蓝弧文化,文化娱乐,广东,A轮,数千万人民币,海汇投资
530,2010.1.31,https://www.itjuzi.com/investevents/7007,红圈营销(和创科技),企业服务,北京,A轮,数千万人民币,"东方富海,盛景网联(盛景嘉成)"
531,2010.1.24,https://www.itjuzi.com/investevents/14500,创业邦,文化娱乐,北京,B轮,数千万人民币,"红杉资本中国,赛富基金"
532,2010.1.23,https://www.itjuzi.com/investevents/14474,财新传媒,文化娱乐,北京,A轮,4000万人民币,浙报传媒(东方星空)
533,2010.1.21,https://www.itjuzi.com/investevents/19604,诚迈科技,企业服务,江苏,天使轮,数百万人民币,六翼投资
534,2010.1.17,https://www.itjuzi.com/investevents/1439,格瓦拉生活网,本地生活,上海,A轮,200万人民币,盛大资本-盛大网络
535,2010.1.13,https://www.itjuzi.com/investevents/727,筋斗云游戏,游戏,北京,天使轮,数百万人民币,乐搏资本
536,2010.1.13,https://www.itjuzi.com/investevents/1530,SureAuto帅车二手车,汽车交通,北京,A轮,数千万人民币,青云创投
537,2010.1.13,https://www.itjuzi.com/investevents/1994,大彩网,文化娱乐,浙江,A轮,数百万人民币,"盈动资本,帮实资本"
538,2010.1.13,https://www.itjuzi.com/investevents/2136,太能沃可Talentwalker,游戏,北京,天使轮,数百万人民币,德迅投资
539,2010.1.13,https://www.itjuzi.com/investevents/4048,爱拍网-爱拍原创,文化娱乐,广东,A轮,数百万美元,招商和腾创投
540,2010.1.10,https://www.itjuzi.com/investevents/1802,CamelGames壳木软件,游戏,北京,天使轮,数百万人民币,伙伴创投
541,2010.1.7,https://www.itjuzi.com/investevents/2014,品众互动,广告营销,北京,A轮,数百万美元,华映资本
542,2010.1.7,https://www.itjuzi.com/investevents/2833,杭州安恒信息DBAPPSecurity,企业服务,浙江,B轮,数千万人民币,"浙报传媒(东方星空),长安私人资本"
543,2010.1.6,https://www.itjuzi.com/investevents/904,威锋网,工具软件,广东,天使轮,400万人民币,盛大资本-盛大网络
544,2010.1.5,https://www.itjuzi.com/investevents/1513,美食杰,本地生活,北京,A轮,数百万人民币,盛大资本-盛大网络
545,2010.1.1,https://www.itjuzi.com/investevents/1594,如果果汁,本地生活,北京,A轮,数百万美元,"华创资本,Artesian Capital Management"
546,2010.1.1,https://www.itjuzi.com/investevents/2604,宝尊电商,电子商务,上海,A轮,数百万美元,阿里巴巴
547,2010.1.1,https://www.itjuzi.com/investevents/4322,上海石川科技,企业服务,上海,天使轮,未透露,投资方未透露
548,2010.1.1,https://www.itjuzi.com/investevents/4428,苏州贝昂科技,硬件,江苏,A轮,650万人民币,元禾控股
549,2010.1.1,https://www.itjuzi.com/investevents/4488,21世纪中国不动产,房产服务,北京,IPO上市,未透露,投资方未透露
550,2010.1.1,https://www.itjuzi.com/investevents/4519,昆仑游戏,游戏,北京,A轮,数千万人民币,东方富海
551,2010.1.1,https://www.itjuzi.com/investevents/4529,辉远电子,硬件,广东,天使轮,数百万人民币,投资方未透露
552,2010.1.1,https://www.itjuzi.com/investevents/4536,Shopex商派网络,电子商务,上海,A轮,数百万美元,君联资本
553,2010.1.1,https://www.itjuzi.com/investevents/4665,欣欣旅游,旅游,福建,A轮,未透露,隆领投资
554,2010.1.1,https://www.itjuzi.com/investevents/4729,上海银商资讯,金融,上海,A轮,数千万人民币,中信产业基金
555,2010.1.1,https://www.itjuzi.com/investevents/12916,溢柯,房产服务,上海,A轮,未透露,小村资本
556,2010.1.1,https://www.itjuzi.com/investevents/281,深圳中光远科技,企业服务,广东,天使轮,数百万人民币,旦恩创投
557,2010.1.1,https://www.itjuzi.com/investevents/290,青松老年看护,医疗健康,北京,天使轮,未透露,投资方未透露
558,2010.1.1,https://www.itjuzi.com/investevents/323,悠品网,电子商务,上海,A轮,数千万人民币,亚商资本
559,2010.1.1,https://www.itjuzi.com/investevents/429,丁香园,医疗健康,浙江,A轮,200万美元,DCM中国
560,2010.1.1,https://www.itjuzi.com/investevents/437,大龙网DinoDirect,电子商务,重庆,A轮,数百万美元,北极光创投
561,2010.1.1,https://www.itjuzi.com/investevents/488,途牛旅游网,旅游,江苏,B轮,1000万美元,"戈壁投资,DCM中国"
562,2010.1.1,https://www.itjuzi.com/investevents/551,易联致远,企业服务,北京,天使轮,未透露,九合创投
563,2010.1.1,https://www.itjuzi.com/investevents/830,九樱天下,电子商务,北京,天使轮,数百万人民币,"PreAngel,海银资本"
564,2010.1.1,https://www.itjuzi.com/investevents/870,Lumi胶原蛋白,电子商务,上海,A轮,数百万美元,DCM中国
565,2010.1.1,https://www.itjuzi.com/investevents/899,星点传媒,广告营销,上海,天使轮,数百万人民币,投资方未透露
566,2010.1.1,https://www.itjuzi.com/investevents/1005,恒知网,社交网络,北京,天使轮,数百万人民币,投资方未透露
567,2010.1.1,https://www.itjuzi.com/investevents/1036,悠悠村UUCUN,广告营销,上海,B轮,数千万美元,"伟高达创投Vickers Capital,LB投资(LB Investment)"
568,2010.1.1,https://www.itjuzi.com/investevents/1110,搜道网,文化娱乐,浙江,天使轮,数百万人民币,投资方未透露
569,2010.1.1,https://www.itjuzi.com/investevents/1200,广州天绎智能科技,企业服务,广东,A轮,未透露,投资方未透露
570,2010.1.1,https://www.itjuzi.com/investevents/1213,大街网,企业服务,北京,天使轮,数百万人民币,雷军-顺为创业
571,2010.1.1,https://www.itjuzi.com/investevents/1287,淘乐网络,游戏,广东,天使轮,数百万人民币,德迅投资
572,2010.1.1,https://www.itjuzi.com/investevents/1316,龙会洲Dragonsmeet,游戏,上海,A轮,数百万美元,Infinity Venture Partners
573,2010.1.1,https://www.itjuzi.com/investevents/1318,数银在线,金融,浙江,A轮,5000万人民币,投资方未透露
574,2010.1.1,https://www.itjuzi.com/investevents/1394,JiaThis加网,工具软件,北京,天使轮,未透露,险峰长青(险峰华兴)
575,2010.1.1,https://www.itjuzi.com/investevents/1489,大掌门,游戏,北京,天使轮,数百万人民币,"热酷游戏,梅花天使创投"
576,2010.1.1,https://www.itjuzi.com/investevents/1497,小叶子外卖,本地生活,上海,天使轮,数百万人民币,创业接力(创业基金会)
577,2010.1.1,https://www.itjuzi.com/investevents/1506,129T外卖连锁网,本地生活,上海,A轮,数百万人民币,盛大资本-盛大网络
578,2010.1.1,https://www.itjuzi.com/investevents/1524,光华活彩传媒,广告营销,上海,B轮,数百万美元,"北极光创投,启迪创投"
579,2010.1.1,https://www.itjuzi.com/investevents/1527,Madhouse亿动广告传媒,广告营销,上海,B轮,数千万美元,"KPCB凯鹏华盈中国,诺基亚成长基金,集富亚洲JAFCO,戈壁投资"
580,2010.1.1,https://www.itjuzi.com/investevents/1549,99无限,金融,上海,A轮,数千万人民币,深创投
581,2010.1.1,https://www.itjuzi.com/investevents/1583,安全管家,工具软件,北京,天使轮,数百万人民币,UCWEB优视科技
582,2010.1.1,https://www.itjuzi.com/investevents/1589,尚品网,电子商务,北京,A轮,数百万人民币,投资方未透露
583,2010.1.1,https://www.itjuzi.com/investevents/1592,WholePort,电子商务,北京,天使轮,数百万人民币,华创资本
584,2010.1.1,https://www.itjuzi.com/investevents/1666,快尚时装Urban Revivo,电子商务,广东,A轮,数千万人民币,戈壁投资
585,2010.1.1,https://www.itjuzi.com/investevents/1668,汇通达,电子商务,江苏,A轮,数千万人民币,景林投资
586,2010.1.1,https://www.itjuzi.com/investevents/1669,孩子王,电子商务,江苏,A轮,数千万人民币,景林投资
587,2010.1.1,https://www.itjuzi.com/investevents/1779,工众网,企业服务,上海,A轮,数百万美元,君联资本
588,2010.1.1,https://www.itjuzi.com/investevents/1846,NALA娜拉,电子商务,浙江,天使轮,500万人民币,Mr.I互联网创新基地
589,2010.1.1,https://www.itjuzi.com/investevents/1850,金名网,电子商务,浙江,天使轮,数百万人民币,Mr.I互联网创新基地
590,2010.1.1,https://www.itjuzi.com/investevents/1850,金名网,电子商务,浙江,天使轮,数百万人民币,Mr.I互联网创新基地
591,2010.1.1,https://www.itjuzi.com/investevents/1890,精锐教育,教育,上海,A轮,3000万美元,"成为资本,晨兴资本"
592,2010.1.1,https://www.itjuzi.com/investevents/1917,家庭医生在线,医疗健康,广东,A轮,550万人民币,投资方未透露
593,2010.1.1,https://www.itjuzi.com/investevents/1923,273二手车-车友网络,汽车交通,福建,A轮,数百万美元,晨兴资本
594,2010.1.1,https://www.itjuzi.com/investevents/1948,天润融通,企业服务,北京,A轮,数百万美元,宽带资本CBC
595,2010.1.1,https://www.itjuzi.com/investevents/1992,慧达驿站,企业服务,浙江,天使轮,数百万人民币,盈动资本
596,2010.1.1,https://www.itjuzi.com/investevents/2066,猎聘网,企业服务,北京,天使轮,数百万人民币,投资方未透露
597,2010.1.1,https://www.itjuzi.com/investevents/2203,富基标商bFuture,企业服务,北京,A轮,数千万人民币,投资方未透露
598,2010.1.1,https://www.itjuzi.com/investevents/2255,51MyPC,工具软件,北京,A轮,数百万人民币,架桥投资
599,2010.1.1,https://www.itjuzi.com/investevents/2330,广州梦龙科技,游戏,广东,A轮,数百万美元,IDG资本
600,2010.1.1,https://www.itjuzi.com/investevents/2452,中联信通,金融,四川,A轮,数千万人民币,华软投资
601,2010.1.1,https://www.itjuzi.com/investevents/2545,深圳移联网络,企业服务,广东,天使轮,数百万人民币,投资方未透露
602,2010.1.1,https://www.itjuzi.com/investevents/2610,智龙软件,企业服务,上海,A轮,未透露,大众点评网
603,2010.1.1,https://www.itjuzi.com/investevents/2611,网票网,文化娱乐,北京,A轮,3000万人民币,盛大资本-盛大网络
604,2010.1.1,https://www.itjuzi.com/investevents/2834,特易资讯TOPEASE,企业服务,上海,A轮,数千万人民币,天堂硅谷
605,2010.1.1,https://www.itjuzi.com/investevents/2913,北京元培翻译,企业服务,北京,A轮,数千万人民币,达晨创投
606,2010.1.1,https://www.itjuzi.com/investevents/2942,北京雷石科技Thunderstone,文化娱乐,北京,不明确,数百万人民币,雷军-顺为创业
607,2010.1.1,https://www.itjuzi.com/investevents/2997,瑞尔齿科,医疗健康,北京,A轮,2000万美元,"KPCB凯鹏华盈中国,启明创投"
608,2010.1.1,https://www.itjuzi.com/investevents/3431,真旅网,旅游,上海,A轮,数千万美元,凯旋创投
609,2010.1.1,https://www.itjuzi.com/investevents/3548,游戏吧GAMEBAR,游戏,北京,A轮,1.3亿人民币,投资方未透露
610,2010.1.1,https://www.itjuzi.com/investevents/3557,图搜天下,企业服务,北京,A轮,数千万人民币,盛景网联(盛景嘉成)
611,2009.12.31,https://www.itjuzi.com/investevents/14657,复大医疗(复大肿瘤医院),医疗健康,广东,A轮,数千万人民币,中国平安(平安创新投)
612,2009.12.25,https://www.itjuzi.com/investevents/12991,天下秀(IMS新媒体),广告营销,北京,A轮,数百万美元,投资方未透露
613,2009.12.14,https://www.itjuzi.com/investevents/1028,沪江网(沪江教育),教育,上海,A轮,数千万人民币,元禾控股
614,2009.12.11,https://www.itjuzi.com/investevents/19271,华润通,硬件,广东,A轮,未透露,德信资本
615,2009.12.1,https://www.itjuzi.com/investevents/1859,导航犬,汽车交通,北京,A轮,数千万人民币,"澳银资本,招商和腾创投"
616,2009.12.1,https://www.itjuzi.com/investevents/15983,康复之家,医疗健康,北京,A轮,数千万人民币,名信中国成长基金
617,2009.12.1,https://www.itjuzi.com/investevents/984,鲜果网,文化娱乐,北京,A轮,100万美元,盛大资本-盛大网络
618,2009.12.1,https://www.itjuzi.com/investevents/1908,百阅网,文化娱乐,江苏,天使轮,300万美元,晨兴资本
619,2009.12.1,https://www.itjuzi.com/investevents/3839,华图教育,教育,北京,A轮,2亿人民币,达晨创投
620,2009.12.1,https://www.itjuzi.com/investevents/340,11对战平台,游戏,上海,A轮,数百万美元,红杉资本中国
621,2009.12.1,https://www.itjuzi.com/investevents/341,上海起凡游戏,游戏,上海,A轮,数百万美元,红杉资本中国
622,2009.12.1,https://www.itjuzi.com/investevents/500,Doit.im,企业服务,浙江,A轮,数百万人民币,盛大资本-盛大网络
623,2009.12.1,https://www.itjuzi.com/investevents/622,能力天空科技,教育,北京,A轮,未透露,投资方未透露
624,2009.12.1,https://www.itjuzi.com/investevents/736,豌豆荚,工具软件,北京,天使轮,数百万美元,创新工场
625,2009.12.1,https://www.itjuzi.com/investevents/1030,百田信息(百奥家庭互动),教育,广东,A轮,数百万美元,红杉资本中国
626,2009.12.1,https://www.itjuzi.com/investevents/1290,深圳盛游网络,游戏,广东,天使轮,数百万人民币,德迅投资
627,2009.12.1,https://www.itjuzi.com/investevents/1694,联络互动(数字天域),工具软件,北京,A轮,未透露,红杉资本中国
628,2009.12.1,https://www.itjuzi.com/investevents/1816,悠易互通,广告营销,北京,A轮,数百万美元,"思伟投资,戈壁投资"
629,2009.12.1,https://www.itjuzi.com/investevents/1827,易游天下,旅游,北京,A轮,1000万人民币,投资方未透露
630,2009.12.1,https://www.itjuzi.com/investevents/2091,苏州赛富科技,电子商务,江苏,A轮,300万人民币,投资方未透露
631,2009.12.1,https://www.itjuzi.com/investevents/2530,齐乐乐766游戏网,游戏,福建,A轮,未透露,投资方未透露
632,2009.11.23,https://www.itjuzi.com/investevents/11183,趣玩网,电子商务,北京,A轮,200万美元,经纬中国
633,2009.11.19,https://www.itjuzi.com/investevents/18592,开心网,社交网络,北京,B轮,2000万美元,"启明创投,新浪微博(新浪微创投),北极光创投"
634,2009.11.1,https://www.itjuzi.com/investevents/1416,去哪儿,旅游,北京,C轮,1500万美元,"纪源资本GGV,金沙江创投"
635,2009.11.1,https://www.itjuzi.com/investevents/897,易法通,电子商务,福建,种子轮,200万人民币,投资方未透露
636,2009.11.1,https://www.itjuzi.com/investevents/1541,好乐买,电子商务,北京,A轮,1000万美元,红杉资本中国
637,2009.11.1,https://www.itjuzi.com/investevents/2107,恺英网络(XY游戏),游戏,上海,A轮,数百万美元,KPCB凯鹏华盈中国
638,2009.11.1,https://www.itjuzi.com/investevents/1012,PPTV聚力传媒,文化娱乐,上海,C轮,亿元及以上人民币,投资方未透露
639,2009.11.1,https://www.itjuzi.com/investevents/1507,九九房,房产服务,北京,A轮,数百万美元,SIG海纳亚洲
640,2009.11.1,https://www.itjuzi.com/investevents/1711,上海索乐游戏,游戏,上海,A轮,2000万人民币,松禾资本
641,2009.11.1,https://www.itjuzi.com/investevents/1725,广州欢网科技,硬件,广东,A轮,数千万人民币,TCL创投
642,2009.11.1,https://www.itjuzi.com/investevents/3538,易积电器,电子商务,广东,A轮,200万美元,IDG资本
643,2009.10.31,https://www.itjuzi.com/investevents/6778,深圳邦彦信息技术,企业服务,广东,A轮,数千万人民币,投资方未透露
644,2009.10.13,https://www.itjuzi.com/investevents/2565,DNSPod,企业服务,山东,天使轮,数百万人民币,绿盟科技
645,2009.10.1,https://www.itjuzi.com/investevents/19235,暴雨娱乐,游戏,上海,B轮,5500万人民币,"达晨创投,华登国际投资,宏弧投资"
646,2009.10.1,https://www.itjuzi.com/investevents/19237,珠海政采,企业服务,广东,A轮,2000万人民币,达晨创投
647,2009.10.1,https://www.itjuzi.com/investevents/499,Doit.im,企业服务,浙江,天使轮,未透露,天使湾
648,2009.10.1,https://www.itjuzi.com/investevents/1303,热酷Rekoo,游戏,北京,A轮,150万美元,Infinity Venture Partners
649,2009.10.1,https://www.itjuzi.com/investevents/1619,聚胜万合MediaV,广告营销,上海,A轮,数百万美元,光速安振
650,2009.10.1,https://www.itjuzi.com/investevents/1749,天地云箱,企业服务,北京,A轮,数千万人民币,宽带资本CBC
651,2009.10.1,https://www.itjuzi.com/investevents/1771,北京易思捷信息eSage,企业服务,北京,天使轮,200万人民币,投资方未透露
652,2009.10.1,https://www.itjuzi.com/investevents/2945,奕尚网络,电子商务,上海,A轮,数百万美元,三井物产环球投资
653,2009.10.1,https://www.itjuzi.com/investevents/3544,太美鞋业TIMEMADE,电子商务,广东,A轮,数百万美元,晨兴资本
654,2009.9.13,https://www.itjuzi.com/investevents/12642,扬讯科技,游戏,上海,A轮,2800万人民币,巨人网络(巨人创投)
655,2009.9.1,https://www.itjuzi.com/investevents/19214,移盟数字传媒,文化娱乐,广东,B轮,400万人民币,达晨创投
656,2009.9.1,https://www.itjuzi.com/investevents/4094,北京龙存科技,企业服务,北京,A轮,数百万美元,投资方未透露
657,2009.9.1,https://www.itjuzi.com/investevents/991,驴妈妈旅游网,旅游,上海,A轮,5000万人民币,投资方未透露
658,2009.9.1,https://www.itjuzi.com/investevents/1896,合润传媒,广告营销,北京,A轮,2000万人民币,同威创投
659,2009.9.1,https://www.itjuzi.com/investevents/1971,AdSame传漾科技,广告营销,上海,A轮,数百万美元,经纬中国
660,2009.9.1,https://www.itjuzi.com/investevents/2395,掌上飞讯,游戏,北京,B轮,数千万美元,"德同资本,宽带资本CBC"
661,2009.8.31,https://www.itjuzi.com/investevents/19233,新奥特,企业服务,北京,A轮,数千万美元,达晨创投
662,2009.8.22,https://www.itjuzi.com/investevents/10565,美食杰,本地生活,北京,天使轮,100万人民币,德迅投资
663,2009.8.14,https://www.itjuzi.com/investevents/20204,网康科技,企业服务,北京,B轮,数千万美元,"联想控股,联想之星,高原资本中国"
664,2009.8.1,https://www.itjuzi.com/investevents/14085,京探网,本地生活,北京,A轮,未透露,百度
665,2009.8.1,https://www.itjuzi.com/investevents/929,万兴神拍手PowerCam,工具软件,广东,A轮,未透露,华睿投资
666,2009.8.1,https://www.itjuzi.com/investevents/1772,新居网,房产服务,广东,A轮,7000万人民币,达晨创投
667,2009.8.1,https://www.itjuzi.com/investevents/2440,安居客,房产服务,上海,C轮,1000万美元,经纬中国
668,2009.8.1,https://www.itjuzi.com/investevents/2583,百姓网,本地生活,上海,B轮,数千万美元,投资方未透露
669,2009.7.27,https://www.itjuzi.com/investevents/19225,中南传媒,文化娱乐,湖南,A轮,4亿人民币,"达晨创投,华鸿财信,红马资本,湘投高创投"
670,2009.7.25,https://www.itjuzi.com/investevents/14539,百世物流(百世汇通),物流,浙江,B轮,数千万美元,IDG资本
671,2009.7.18,https://www.itjuzi.com/investevents/9446,互动百科集团,文化娱乐,北京,B轮,3000万美元,"DCM中国,DFJ德丰杰中国基金,北极光创投"
672,2009.7.15,https://www.itjuzi.com/investevents/9997,北京中科虹霸,企业服务,北京,A轮,2500万人民币,联想集团
673,2009.7.1,https://www.itjuzi.com/investevents/19220,瀚信通信,硬件,广东,A轮,1500万人民币,达晨创投
674,2009.7.1,https://www.itjuzi.com/investevents/620,顶你学堂TopU-过来人教育,教育,北京,天使轮,数百万人民币,投资方未透露
675,2009.7.1,https://www.itjuzi.com/investevents/2052,一嗨租车,汽车交通,上海,B轮,2000万美元,"鼎晖投资,集富亚洲JAFCO,启明创投,小村资本"
676,2009.7.1,https://www.itjuzi.com/investevents/602,八方视界8D World,教育,上海,A轮,700万美元,戈壁投资
677,2009.7.1,https://www.itjuzi.com/investevents/1035,悠悠村UUCUN,广告营销,上海,A轮,数百万美元,投资方未透露
678,2009.7.1,https://www.itjuzi.com/investevents/1255,易传媒AdChina,广告营销,上海,B轮,3000万美元,金沙江创投
679,2009.7.1,https://www.itjuzi.com/investevents/2817,德比软件DerbySoft,旅游,上海,B轮,500万美元,北极光创投
680,2009.7.1,https://www.itjuzi.com/investevents/2832,杭州安恒信息DBAPPSecurity,企业服务,浙江,A轮,未透露,天堂硅谷
681,2009.6.25,https://www.itjuzi.com/investevents/19223,鼎识科技,企业服务,广东,A轮,未透露,达晨创投
682,2009.6.1,https://www.itjuzi.com/investevents/7006,红圈营销(和创科技),企业服务,北京,天使轮,数百万人民币,雷军-顺为创业
683,2009.6.1,https://www.itjuzi.com/investevents/1071,汉森信息,游戏,四川,A轮,5000万人民币,松禾资本
684,2009.6.1,https://www.itjuzi.com/investevents/2088,神州付,游戏,北京,B轮,1000万美元,"Ventech China,IDG资本"
685,2009.6.1,https://www.itjuzi.com/investevents/989,图搜天下,企业服务,北京,天使轮,数百万人民币,雷军-顺为创业
686,2009.6.1,https://www.itjuzi.com/investevents/1449,彩云游戏浏览器,游戏,北京,天使轮,数百万人民币,投资方未透露
687,2009.6.1,https://www.itjuzi.com/investevents/2223,商业价值,文化娱乐,北京,A轮,未透露,盛大资本-盛大网络
688,2009.6.1,https://www.itjuzi.com/investevents/2948,Convenient Power,硬件,香港,A轮,300万美元,启明创投
689,2009.6.1,https://www.itjuzi.com/investevents/3055,UC优视科技,工具软件,广东,B轮,数千万美元,"阿里巴巴,晨兴资本,联创策源"
690,2009.6.1,https://www.itjuzi.com/investevents/3224,金银岛,电子商务,北京,A轮,1亿人民币,达晨创投
691,2009.5.31,https://www.itjuzi.com/investevents/2837,奥林科技OlymTech-大掌柜,物流,浙江,天使轮,数千万人民币,"天堂硅谷,小村资本"
692,2009.5.22,https://www.itjuzi.com/investevents/10575,Hillstone山石网科,企业服务,北京,B轮,1000万美元,"伟高达创投Vickers Capital,北极光创投"
693,2009.5.12,https://www.itjuzi.com/investevents/6657,4399游戏网,游戏,福建,天使轮,数百万人民币,隆领投资
694,2009.5.1,https://www.itjuzi.com/investevents/291,品友互动,广告营销,北京,天使轮,数百万美元,投资方未透露
695,2009.5.1,https://www.itjuzi.com/investevents/646,瓦力网络,工具软件,北京,天使轮,数百万人民币,雷军-顺为创业
696,2009.5.1,https://www.itjuzi.com/investevents/2070,YOKA时尚网,文化娱乐,北京,A轮,数百万美元,"IDG资本,时尚传媒"
697,2009.4.18,https://www.itjuzi.com/investevents/13634,鱼跃医疗,医疗健康,江苏,IPO上市,亿元及以上人民币,投资方未透露
698,2009.4.13,https://www.itjuzi.com/investevents/2853,北京金万维科技,企业服务,北京,天使轮,数百万人民币,IDG资本
699,2009.4.1,https://www.itjuzi.com/investevents/2254,51MyPC,工具软件,北京,天使轮,未透露,德迅投资
700,2009.4.1,https://www.itjuzi.com/investevents/17400,欢聚时代(多玩YY),工具软件,广东,B轮,1200万美元,纪源资本GGV
701,2009.4.1,https://www.itjuzi.com/investevents/974,顽石互动,游戏,北京,A轮,未透露,"IDG资本,成为资本"
702,2009.3.13,https://www.itjuzi.com/investevents/6537,全人网,企业服务,上海,天使轮,数百万人民币,九盈投资
703,2009.3.1,https://www.itjuzi.com/investevents/487,途牛旅游网,旅游,江苏,A轮,300万美元,"戈壁投资,六翼投资"
704,2009.3.1,https://www.itjuzi.com/investevents/409,也买酒yesmywine,电子商务,上海,A轮,300万美元,DCM中国
705,2009.3.1,https://www.itjuzi.com/investevents/1126,游戏谷,游戏,北京,A轮,数千万美元,"启明创投,思伟投资"
706,2009.3.1,https://www.itjuzi.com/investevents/767,智明星通ELEX,游戏,北京,A轮,300万美元,腾讯
707,2009.3.1,https://www.itjuzi.com/investevents/1003,安美数字,房产服务,北京,B轮,数千万美元,招商局
708,2009.3.1,https://www.itjuzi.com/investevents/1547,1771网游交易平台,游戏,江苏,A轮,数千万人民币,阿里巴巴
709,2009.3.1,https://www.itjuzi.com/investevents/1826,悠乐奢旅,旅游,北京,A轮,未透露,华映资本
710,2009.3.1,https://www.itjuzi.com/investevents/3504,爱彩网,电子商务,广东,A轮,数千万人民币,新浪微博(新浪微创投)
711,2009.2.1,https://www.itjuzi.com/investevents/8711,艺龙旅行,旅游,北京,IPO上市后,1850万美元,人人公司
712,2009.2.1,https://www.itjuzi.com/investevents/3543,太美鞋业TIMEMADE,电子商务,广东,天使轮,800万人民币,雷军-顺为创业
713,2009.1.30,https://www.itjuzi.com/investevents/9072,兰亭集势Lightinthebox,电子商务,北京,B轮,1127万美元,"金沙江创投,联创策源"
714,2009.1.13,https://www.itjuzi.com/investevents/2577,布丁酒店,房产服务,浙江,A轮,数百万美元,君联资本
715,2009.1.12,https://www.itjuzi.com/investevents/2705,豆瓣,社交网络,北京,B轮,数千万美元,"挚信资本,联创策源"
716,2009.1.12,https://www.itjuzi.com/investevents/6539,久车久网,汽车交通,上海,天使轮,数百万人民币,九盈投资
717,2009.1.1,https://www.itjuzi.com/investevents/1900,美图秀秀,文化娱乐,福建,种子轮,数百万人民币,隆领投资
718,2009.1.1,https://www.itjuzi.com/investevents/695,简网指阅,文化娱乐,北京,A轮,数百万美元,启明创投
719,2009.1.1,https://www.itjuzi.com/investevents/986,VIVA维旺明,文化娱乐,北京,A轮,1000万美元,"高原资本中国,Ventech China"
720,2009.1.1,https://www.itjuzi.com/investevents/2077,italki爱拓奇,教育,香港,天使轮,数十万美元,"AngelVest天使谷,Artesian Capital Management"
721,2009.1.1,https://www.itjuzi.com/investevents/3945,DealeXtreme帝科思DX,电子商务,广东,A轮,数千万美元,IDG资本
722,2009.1.1,https://www.itjuzi.com/investevents/490,魔时网,文化娱乐,北京,A轮,数千万人民币,君联资本
723,2009.1.1,https://www.itjuzi.com/investevents/657,触宝科技,工具软件,上海,天使轮,数百万人民币,紫辉创投
724,2009.1.1,https://www.itjuzi.com/investevents/1100,深圳快播科技,文化娱乐,广东,A轮,数百万美元,赛富基金
725,2009.1.1,https://www.itjuzi.com/investevents/1370,澜起科技Montage,硬件,上海,B轮,数千万美元,投资方未透露
726,2009.1.1,https://www.itjuzi.com/investevents/1454,Social Touch时趣互动,广告营销,北京,A轮,数千万人民币,君联资本
727,2009.1.1,https://www.itjuzi.com/investevents/1523,光华活彩传媒,广告营销,上海,A轮,数百万人民币,启迪创投
728,2009.1.1,https://www.itjuzi.com/investevents/1758,IMO班聊-imo云办公室,企业服务,上海,A轮,数百万美元,投资方未透露
729,2009.1.1,https://www.itjuzi.com/investevents/2094,诺尔康神经电子科技,医疗健康,浙江,A轮,数千万人民币,启明创投
730,2009.1.1,https://www.itjuzi.com/investevents/2110,都市家商旅网,房产服务,上海,天使轮,数百万人民币,创业接力(创业基金会)
731,2009.1.1,https://www.itjuzi.com/investevents/2202,富基标商bFuture,企业服务,北京,天使轮,数百万人民币,东方弘道(弘合基金)
732,2009.1.1,https://www.itjuzi.com/investevents/2427,京东,电子商务,北京,B轮,2100万美元,"雄牛资本,今日资本"
733,2009.1.1,https://www.itjuzi.com/investevents/2493,绿盟科技,企业服务,北京,B轮,数千万美元,君联资本
734,2009.1.1,https://www.itjuzi.com/investevents/2637,爱帮网,本地生活,北京,B轮,数千万美元,"汉能投资,经纬中国"
735,2009.1.1,https://www.itjuzi.com/investevents/3009,立方网,文化娱乐,北京,A轮,数百万美元,IDG资本
736,2009.1.1,https://www.itjuzi.com/investevents/3148,趣游,游戏,北京,A轮,数百万美元,高原资本中国
737,2009.1.1,https://www.itjuzi.com/investevents/3596,赶集网,本地生活,北京,A轮,800万美元,蓝驰创投
738,2008.12.1,https://www.itjuzi.com/investevents/1073,买卖宝,电子商务,江苏,A轮,数百万美元,红杉资本中国
739,2008.12.1,https://www.itjuzi.com/investevents/3298,智联招聘,企业服务,北京,E轮,1.1亿美元,Macquarie麦格理
740,2008.12.1,https://www.itjuzi.com/investevents/124,康圣环球,医疗健康,湖北,A轮,数百万美元,晨兴资本
741,2008.12.1,https://www.itjuzi.com/investevents/135,出口易,电子商务,广东,天使轮,数十万美元,华创资本
742,2008.12.1,https://www.itjuzi.com/investevents/443,5173游戏网,游戏,浙江,C轮,数千万美元,"IDG资本,KTB投资集团,华登国际投资"
743,2008.12.1,https://www.itjuzi.com/investevents/2874,iSpeak,社交网络,上海,A轮,800万美元,金山软件
744,2008.11.30,https://www.itjuzi.com/investevents/7102,I DO婚戒,电子商务,北京,A轮,3700万人民币,红杉资本中国
745,2008.11.3,https://www.itjuzi.com/investevents/19216,数码视讯,文化娱乐,北京,F轮-上市前,2500万人民币,达晨创投
746,2008.11.1,https://www.itjuzi.com/investevents/1359,福州天盟数码IGG,游戏,福建,B轮,数千万美元,"IDG资本,祥峰投资Vertex,赫斯特Hearst Ventures"
747,2008.11.1,https://www.itjuzi.com/investevents/2745,暴风影音-暴风科技,文化娱乐,北京,C轮,1500万美元,"经纬中国,IDG资本"
748,2008.11.1,https://www.itjuzi.com/investevents/2120,宜搜科技,工具软件,广东,C轮,1200万美元,智基创投IDT VC
749,2008.11.1,https://www.itjuzi.com/investevents/2439,安居客,房产服务,上海,A轮,1000万美元,经纬中国
750,2008.11.1,https://www.itjuzi.com/investevents/2679,达内科技,教育,北京,B轮,数千万美元,"集富亚洲JAFCO,IDG资本"
751,2008.10.30,https://www.itjuzi.com/investevents/7392,八百客800APP,企业服务,北京,A轮,1700万美元,"Sierra Ventures,常春藤资本Ivy Capital"
752,2008.10.23,https://www.itjuzi.com/investevents/4838,齐家网,电子商务,上海,B轮,1000万美元,投资方未透露
753,2008.10.1,https://www.itjuzi.com/investevents/4673,乐宠网,本地生活,北京,A轮,150万美元,"君联资本,清科创投"
754,2008.10.1,https://www.itjuzi.com/investevents/700,留学专搜网,教育,辽宁,天使轮,1000万人民币,投资方未透露
755,2008.10.1,https://www.itjuzi.com/investevents/977,T4GAME,游戏,北京,A轮,数百万美元,启明创投
756,2008.10.1,https://www.itjuzi.com/investevents/990,驴妈妈旅游网,旅游,上海,天使轮,数百万人民币,投资方未透露
757,2008.10.1,https://www.itjuzi.com/investevents/1526,Madhouse亿动广告传媒,广告营销,上海,B轮,数百万美元,诺基亚成长基金
758,2008.10.1,https://www.itjuzi.com/investevents/2839,杭州远传通信,企业服务,浙江,A轮,数百万人民币,天堂硅谷
759,2008.9.28,https://www.itjuzi.com/investevents/14086,联合网视,文化娱乐,北京,A轮,1500万美元,百度
760,2008.9.17,https://www.itjuzi.com/investevents/11995,7K7K小游戏网,游戏,北京,天使轮,数百万人民币,雷军-顺为创业
761,2008.9.1,https://www.itjuzi.com/investevents/150,19楼,本地生活,浙江,天使轮,数百万美元,联创策源
762,2008.9.1,https://www.itjuzi.com/investevents/1813,上海皿鎏软件,游戏,上海,A轮,数百万美元,斯道资本(富达亚洲)
763,2008.9.1,https://www.itjuzi.com/investevents/2358,递四方速递4PX,电子商务,广东,A轮,数千万人民币,深创投
764,2008.8.23,https://www.itjuzi.com/investevents/15104,好家庭集团,体育运动,广东,A轮,6000万人民币,达晨创投
765,2008.8.22,https://www.itjuzi.com/investevents/11152,优朋普乐,文化娱乐,北京,A轮,数百万美元,投资方未透露
766,2008.8.2,https://www.itjuzi.com/investevents/17175,巨鲸音乐网,文化娱乐,北京,A轮,700万美元,Google
767,2008.8.1,https://www.itjuzi.com/investevents/1718,VANCL凡客诚品,电子商务,北京,C轮,3000万美元,"启明创投,赛富基金,IDG资本,联创策源"
768,2008.8.1,https://www.itjuzi.com/investevents/525,房价网,房产服务,上海,A轮,数百万美元,蓝驰创投
769,2008.8.1,https://www.itjuzi.com/investevents/1652,1号链,企业服务,江苏,A轮,500万人民币,元禾控股
770,2008.8.1,https://www.itjuzi.com/investevents/2087,神州付,游戏,北京,A轮,500万美元,IDG资本
771,2008.8.1,https://www.itjuzi.com/investevents/2090,苏州赛富科技,电子商务,江苏,A轮,500万人民币,元禾控股
772,2008.8.1,https://www.itjuzi.com/investevents/2369,一呆网Estay,房产服务,广东,A轮,数千万人民币,投资方未透露
773,2008.7.28,https://www.itjuzi.com/investevents/18783,中科美伦医疗,医疗健康,北京,A轮,数千万人民币,深创投
774,2008.7.1,https://www.itjuzi.com/investevents/1466,苏州蜗牛,游戏,江苏,A轮,3000万人民币,投资方未透露
775,2008.7.1,https://www.itjuzi.com/investevents/2886,酷6网,文化娱乐,北京,B轮,数千万美元,"软银中国,DFJ德丰杰中国基金,德同资本"
776,2008.7.1,https://www.itjuzi.com/investevents/2918,微讯移通Freeg,游戏,广东,A轮,数千万人民币,投资方未透露
777,2008.7.1,https://www.itjuzi.com/investevents/3061,优酷土豆-合一集团,文化娱乐,北京,D轮,4000万美元,"Maverick Capital,贝恩资本BainCapital,Sutter Hill Ventures,Farallon Capital法拉龙资本,成为资本"
778,2008.6.18,https://www.itjuzi.com/investevents/14538,百世物流(百世汇通),物流,浙江,A轮,1500万美元,"阿里巴巴,鸿海集团Foxconn"
779,2008.6.18,https://www.itjuzi.com/investevents/19210,同望,企业服务,广东,A轮,1200万人民币,达晨创投
780,2008.6.15,https://www.itjuzi.com/investevents/6346,世纪互联,企业服务,北京,C轮,4000万美元,"纪源资本GGV,经纬中国"
781,2008.6.1,https://www.itjuzi.com/investevents/19212,蓝色光标,企业服务,北京,A轮,3300万人民币,达晨创投
782,2008.6.1,https://www.itjuzi.com/investevents/1356,融创天下,企业服务,广东,A轮,1500万人民币,"创东方投资,同威创投"
783,2008.6.1,https://www.itjuzi.com/investevents/453,乐蜂网,电子商务,北京,A轮,数百万美元,红杉资本中国
784,2008.6.1,https://www.itjuzi.com/investevents/1254,易传媒AdChina,广告营销,上海,A轮,1000万美元,金沙江创投
785,2008.6.1,https://www.itjuzi.com/investevents/1385,58同城,本地生活,北京,B轮,4000万美元,赛富基金
786,2008.6.1,https://www.itjuzi.com/investevents/1932,天天动听(阿里星球),文化娱乐,上海,天使轮,数百万人民币,UCWEB优视科技
787,2008.6.1,https://www.itjuzi.com/investevents/2389,PPS,文化娱乐,上海,C轮,2000万美元,"LB投资(LB Investment),启明创投,联创策源"
788,2008.6.1,https://www.itjuzi.com/investevents/2573,东方风行传媒,文化娱乐,北京,A轮,数百万美元,红杉资本中国
789,2008.6.1,https://www.itjuzi.com/investevents/2584,百姓网,本地生活,上海,A轮,数千万美元,金沙江创投
790,2008.6.1,https://www.itjuzi.com/investevents/3038,迅游网络,游戏,四川,天使轮,数百万人民币,奇虎360
791,2008.5.30,https://www.itjuzi.com/investevents/2383,蓝港在线-蓝港互动,游戏,北京,B轮,1600万美元,"NEA恩颐投资,北极光创投,IDG资本"
792,2008.5.21,https://www.itjuzi.com/investevents/18591,开心网,社交网络,北京,A轮,500万美元,北极光创投
793,2008.5.1,https://www.itjuzi.com/investevents/1537,乐淘网,电子商务,北京,A轮,数百万美元,联创策源
794,2008.4.30,https://www.itjuzi.com/investevents/2382,蓝港在线-蓝港互动,游戏,北京,A轮,200万美元,IDG资本
795,2008.4.30,https://www.itjuzi.com/investevents/13833,豆丁网(豆丁书房),文化娱乐,北京,天使轮,数百万人民币,创业工场VenturesLab
796,2008.4.28,https://www.itjuzi.com/investevents/19208,瑞达,企业服务,湖北,A轮,4800万人民币,"富汇创投,达晨创投"
797,2008.4.15,https://www.itjuzi.com/investevents/11802,磨铁中文网,文化娱乐,北京,A轮,5000万人民币,基石资本
798,2008.4.1,https://www.itjuzi.com/investevents/3013,51汽车,汽车交通,上海,B轮,450万美元,德同资本
799,2008.4.1,https://www.itjuzi.com/investevents/1529,SureAuto帅车二手车,汽车交通,北京,天使轮,未透露,投资方未透露
800,2008.4.1,https://www.itjuzi.com/investevents/1629,香榭丽传媒,广告营销,上海,A轮,3000万美元,赛富基金
801,2008.4.1,https://www.itjuzi.com/investevents/1961,同程旅游,旅游,江苏,A轮,3500万人民币,元禾控股
802,2008.4.1,https://www.itjuzi.com/investevents/2694,珂兰钻石网,电子商务,上海,A轮,300万美元,投资方未透露
803,2008.3.31,https://www.itjuzi.com/investevents/9071,兰亭集势Lightinthebox,电子商务,北京,A轮,500万美元,联创策源
804,2008.3.20,https://www.itjuzi.com/investevents/9121,摇篮网,教育,北京,C轮,1710万美元,"Sutter Hill Ventures,成为资本,Foundation Capital"
805,2008.3.20,https://www.itjuzi.com/investevents/9896,久游网,游戏,上海,B轮,1亿美元,Temasek淡马锡
806,2008.3.11,https://www.itjuzi.com/investevents/19204,凯立德,汽车交通,广东,天使轮,224万人民币,达晨创投
807,2008.3.5,https://www.itjuzi.com/investevents/11884,亿玛科技,广告营销,北京,B轮,数千万美元,"CA创投,JAIC日本亚洲投资"
808,2008.3.1,https://www.itjuzi.com/investevents/19203,时代赢客,企业服务,广东,A轮,3000万人民币,"达晨创投,德同资本"
809,2008.3.1,https://www.itjuzi.com/investevents/4759,网康科技,企业服务,北京,A轮,600万美元,"高原资本中国,住友商事亚洲资本"
810,2008.3.1,https://www.itjuzi.com/investevents/448,宝宝树,本地生活,北京,B轮,1000万美元,"经纬中国,Matrix Partners经纬海外"
811,2008.3.1,https://www.itjuzi.com/investevents/1919,妈妈说,电子商务,北京,A轮,200万美元,德同资本
812,2008.3.1,https://www.itjuzi.com/investevents/976,T4GAME,游戏,北京,天使轮,未透露,德迅投资
813,2008.3.1,https://www.itjuzi.com/investevents/1964,百程旅行网(佰程旅行),旅游,北京,A轮,1000万美元,"斯道资本(富达亚洲),银瑞达Investor AB"
814,2008.3.1,https://www.itjuzi.com/investevents/2051,一嗨租车,汽车交通,上海,A轮,500万美元,启明创投
815,2008.2.1,https://www.itjuzi.com/investevents/451,万学教育,教育,北京,A轮,2000万美元,"红杉资本中国,君联资本"
816,2008.2.1,https://www.itjuzi.com/investevents/1795,吐司网,文化娱乐,浙江,天使轮,未透露,投资方未透露
817,2008.2.1,https://www.itjuzi.com/investevents/3299,麦考林,电子商务,上海,不明确,未透露,红杉资本中国
818,2008.1.29,https://www.itjuzi.com/investevents/13439,ATA考试测评专家,教育,北京,IPO上市,数千万美元,投资方未透露
819,2008.1.13,https://www.itjuzi.com/investevents/1408,北京中科虹霸,企业服务,北京,天使轮,数百万人民币,联想之星
820,2008.1.2,https://www.itjuzi.com/investevents/13934,导航犬,汽车交通,北京,天使轮,数百万人民币,四维图新
821,2008.1.1,https://www.itjuzi.com/investevents/3451,天鸽互动-9158聚乐网,社交网络,浙江,A轮,2000万美元,IDG资本
822,2008.1.1,https://www.itjuzi.com/investevents/3748,枫叶国际学校,教育,辽宁,B轮,2900万美元,红杉资本中国
823,2008.1.1,https://www.itjuzi.com/investevents/3795,睿稚集团,教育,上海,B轮,800万美元,"智基创投IDT VC,德同资本,华威国际集团CID"
824,2008.1.1,https://www.itjuzi.com/investevents/3943,赛维安讯,汽车交通,北京,A轮,1000万美元,投资方未透露
825,2008.1.1,https://www.itjuzi.com/investevents/3944,DealeXtreme帝科思DX,电子商务,广东,天使轮,数百万人民币,薛蛮子
826,2008.1.1,https://www.itjuzi.com/investevents/4025,好大夫在线,医疗健康,北京,A轮,300万美元,DCM中国
827,2008.1.1,https://www.itjuzi.com/investevents/4081,MOKO美空网,文化娱乐,北京,A轮,数百万美元,投资方未透露
828,2008.1.1,https://www.itjuzi.com/investevents/430,丁丁网,本地生活,上海,A轮,900万美元,"晨兴资本,KTB投资集团"
829,2008.1.1,https://www.itjuzi.com/investevents/1092,敦煌网DHgate,电子商务,北京,B轮,数千万美元,"集富亚洲JAFCO,KPCB凯鹏华盈中国"
830,2008.1.1,https://www.itjuzi.com/investevents/1286,派瑞安擎ParaEngine,文化娱乐,广东,A轮,数百万美元,"IDG资本,德迅投资"
831,2008.1.1,https://www.itjuzi.com/investevents/1304,热酷Rekoo,游戏,北京,天使轮,数百万人民币,乐搏资本
832,2008.1.1,https://www.itjuzi.com/investevents/1717,VANCL凡客诚品,电子商务,北京,B轮,1000万美元,"赛富基金,IDG资本,联创策源"
833,2008.1.1,https://www.itjuzi.com/investevents/1889,精锐教育,教育,上海,天使轮,200万美元,晨兴资本
834,2008.1.1,https://www.itjuzi.com/investevents/2074,ivivi,文化娱乐,上海,天使轮,数十万美元,AngelVest天使谷
835,2008.1.1,https://www.itjuzi.com/investevents/2510,益体康ETComm,医疗健康,北京,天使轮,数百万人民币,投资方未透露
836,2008.1.1,https://www.itjuzi.com/investevents/3045,触动传媒TouchMedia,广告营销,上海,B轮,数千万人民币,"启明创投,Mustang Ventures愈奇创投"
837,2008.1.1,https://www.itjuzi.com/investevents/3426,杭州掌盟,游戏,浙江,A轮,200万人民币,北纬通信
838,2008.1.1,https://www.itjuzi.com/investevents/3536,上海昂立教育,教育,上海,A轮,未透露,投资方未透露
839,2007.12.13,https://www.itjuzi.com/investevents/2683,爱康国宾,医疗健康,北京,C轮,数千万美元,"华登国际投资,清科创投,经纬中国,美国中经合集团"
840,2007.12.1,https://www.itjuzi.com/investevents/1578,博雅互动,游戏,广东,天使轮,100万人民币,"奇虎360,伙伴创投"
841,2007.12.1,https://www.itjuzi.com/investevents/13707,掌信彩通(穗彩科技),文化娱乐,天津,B轮,数千万美元,"SIG海纳亚洲,英特尔投资Intel Capital,集富亚洲JAFCO"
842,2007.12.1,https://www.itjuzi.com/investevents/1169,CC视频,企业服务,北京,A轮,300万美元,IDG资本
843,2007.12.1,https://www.itjuzi.com/investevents/4334,梦芭莎,电子商务,广东,A轮,200万美元,"崇德投资,清科创投"
844,2007.12.1,https://www.itjuzi.com/investevents/4642,56网,文化娱乐,广东,C轮,数千万美元,"红杉资本中国,思伟投资"
845,2007.12.1,https://www.itjuzi.com/investevents/219,亿佰购物,电子商务,北京,A轮,1000万美元,戈壁投资
846,2007.12.1,https://www.itjuzi.com/investevents/861,六间房,文化娱乐,北京,B轮,1500万美元,"联创策源,三井物产环球投资"
847,2007.12.1,https://www.itjuzi.com/investevents/2368,一呆网Estay,房产服务,广东,天使轮,1000万人民币,投资方未透露
848,2007.11.22,https://www.itjuzi.com/investevents/12867,随视传媒,电子商务,北京,A轮,500万美元,"英特尔投资Intel Capital,华岩资本ChinaRock,百度"
849,2007.11.1,https://www.itjuzi.com/investevents/12629,巨人网络,游戏,上海,IPO上市,亿元及以上美元,投资方未透露
850,2007.11.1,https://www.itjuzi.com/investevents/1209,上海新浩艺软件Hintsoft,游戏,上海,B轮,数千万美元,"红杉资本中国,百度"
851,2007.11.1,https://www.itjuzi.com/investevents/1360,福州天盟数码IGG,游戏,福建,A轮,数百万美元,IDG资本
852,2007.11.1,https://www.itjuzi.com/investevents/2438,安居客,房产服务,上海,A轮,200万美元,经纬中国
853,2007.11.1,https://www.itjuzi.com/investevents/3060,优酷土豆-合一集团,文化娱乐,北京,C轮,2500万美元,"贝恩资本BainCapital,Sutter Hill Ventures,Farallon Capital法拉龙资本,成为资本"
854,2007.10.21,https://www.itjuzi.com/investevents/15968,中文在线,文化娱乐,北京,B轮,1000万美元,"KPCB凯鹏华盈中国,经纬中国"
855,2007.10.10,https://www.itjuzi.com/investevents/19196,东方广视,文化娱乐,北京,A轮,5800万人民币,"招商局,达晨创投"
856,2007.10.1,https://www.itjuzi.com/investevents/1716,VANCL凡客诚品,电子商务,北京,A轮,200万美元,"IDG资本,联创策源"
857,2007.10.1,https://www.itjuzi.com/investevents/2738,好人生VHS,医疗健康,上海,A轮,数百万美元,软银中国
858,2007.9.25,https://www.itjuzi.com/investevents/19199,拓尔思,企业服务,北京,B轮,2600万人民币,达晨创投
859,2007.9.12,https://www.itjuzi.com/investevents/266,爱乐奇-说宝堂,教育,上海,B轮,820万美元,"华威国际集团CID,招商和腾创投,伟高达创投Vickers Capital,和通国际"
860,2007.9.1,https://www.itjuzi.com/investevents/1415,去哪儿,旅游,北京,B轮,1000万美元,"金沙江创投,Mayfield Fund,Tenaya Capital"
861,2007.9.1,https://www.itjuzi.com/investevents/3704,虎扑体育网,文化娱乐,上海,A轮,数百万美元,晨兴资本
862,2007.9.1,https://www.itjuzi.com/investevents/913,500彩票网(500万彩票),文化娱乐,广东,A轮,数千万美元,"红杉资本中国,IDG资本,SIG海纳亚洲"
863,2007.9.1,https://www.itjuzi.com/investevents/1011,PPTV聚力传媒,文化娱乐,上海,B轮,2100万美元,"DFJ德丰杰中国基金,软银中国"
864,2007.9.1,https://www.itjuzi.com/investevents/2073,琥珀网,文化娱乐,上海,A轮,1000万美元,投资方未透露
865,2007.9.1,https://www.itjuzi.com/investevents/2172,100TV,文化娱乐,北京,A轮,1000万美元,智基创投IDT VC
866,2007.8.1,https://www.itjuzi.com/investevents/19202,威科姆,企业服务,河南,A轮,500万人民币,达晨创投
867,2007.8.1,https://www.itjuzi.com/investevents/4412,北京中长石基信息,企业服务,北京,IPO上市,未透露,投资方未透露
868,2007.8.1,https://www.itjuzi.com/investevents/2426,京东,电子商务,北京,A轮,1000万美元,今日资本
869,2007.7.8,https://www.itjuzi.com/investevents/10243,搜房网-房天下,房产服务,北京,C轮,2250万美元,投资方未透露
870,2007.7.1,https://www.itjuzi.com/investevents/19193,天派电子,汽车交通,广东,A轮,3900万人民币,"招商局,达晨创投"
871,2007.7.1,https://www.itjuzi.com/investevents/980,我爱卡,金融,北京,B轮,1000万美元,"软银中国,SIG海纳亚洲"
872,2007.7.1,https://www.itjuzi.com/investevents/2034,我要玩51wan,游戏,北京,A轮,未透露,红杉资本中国
873,2007.7.1,https://www.itjuzi.com/investevents/2926,AeroHive艾诺威,硬件,浙江,B轮,2000万美元,"Kleiner Perkins Caufield & Byers,北极光创投,Lightspeed Venture Partners美国光速"
874,2007.7.1,https://www.itjuzi.com/investevents/3047,Uniqlick北京网谋信息,广告营销,北京,A轮,400万美元,Mustang Ventures愈奇创投
875,2007.6.1,https://www.itjuzi.com/investevents/19190,网宿科技,企业服务,上海,A轮,4000万人民币,达晨创投
876,2007.6.1,https://www.itjuzi.com/investevents/619,顶你学堂TopU-过来人教育,教育,北京,种子轮,未透露,真格基金
877,2007.6.1,https://www.itjuzi.com/investevents/2038,开眼数据,广告营销,北京,A轮,数百万美元,IDG资本
878,2007.5.10,https://www.itjuzi.com/investevents/11607,宝宝树,本地生活,北京,A轮,1000万美元,Matrix Partners经纬海外
879,2007.5.1,https://www.itjuzi.com/investevents/3946,厦门吉比特网络,游戏,福建,A轮,2000万人民币,IDG资本
880,2007.5.1,https://www.itjuzi.com/investevents/621,能力天空科技,教育,北京,天使轮,未透露,投资方未透露
881,2007.5.1,https://www.itjuzi.com/investevents/2192,飞拓无限,广告营销,北京,A轮,500万美元,JAIC日本亚洲投资
882,2007.5.1,https://www.itjuzi.com/investevents/2554,大众点评网,本地生活,上海,B轮,2500万美元,"Google,红杉资本中国"
883,2007.5.1,https://www.itjuzi.com/investevents/2885,酷6网,文化娱乐,北京,A轮,1000万美元,"DFJ德丰杰中国基金,德同资本"
884,2007.4.25,https://www.itjuzi.com/investevents/10107,大旗网,文化娱乐,北京,A轮,数百万美元,IDG资本
885,2007.4.1,https://www.itjuzi.com/investevents/1285,派瑞安擎ParaEngine,文化娱乐,广东,天使轮,数百万人民币,德迅投资
886,2007.4.1,https://www.itjuzi.com/investevents/2636,爱帮网,本地生活,北京,A轮,500万人民币,经纬中国
887,2007.3.31,https://www.itjuzi.com/investevents/7187,郁金香传媒,广告营销,上海,C轮,数千万美元,投资方未透露
888,2007.3.24,https://www.itjuzi.com/investevents/14499,创业邦,文化娱乐,北京,A轮,1000万人民币,"IDG资本,清科创投"
889,2007.3.22,https://www.itjuzi.com/investevents/10574,Hillstone山石网科,企业服务,北京,A轮,600万美元,"启迪创投,北极光创投,奥迈资本"
890,2007.3.1,https://www.itjuzi.com/investevents/1869,广州职友集网络技术有限公司,企业服务,广东,A轮,1000万人民币,投资方未透露
891,2007.3.1,https://www.itjuzi.com/investevents/3794,睿稚集团,教育,上海,A轮,700万美元,"德同资本,华威国际集团CID"
892,2007.3.1,https://www.itjuzi.com/investevents/362,艾米视频聊天imiChat,文化娱乐,上海,A轮,数百万美元,DFJ德丰杰中国基金
893,2007.3.1,https://www.itjuzi.com/investevents/866,小i机器人-智臻网络,企业服务,上海,B轮,数千万美元,"IDG资本,英特尔投资Intel Capital,DFJ德丰杰中国基金,清科创投,Militello Capital"
894,2007.3.1,https://www.itjuzi.com/investevents/2388,PPS,文化娱乐,上海,B轮,1000万美元,"启明创投,联创策源"
895,2007.3.1,https://www.itjuzi.com/investevents/2873,iSpeak,社交网络,上海,天使轮,数百万人民币,"奇虎360,雷军-顺为创业"
896,2007.3.1,https://www.itjuzi.com/investevents/3054,UC优视科技,工具软件,广东,A轮,数百万美元,"晨兴资本,联创策源"
897,2007.2.28,https://www.itjuzi.com/investevents/6345,世纪互联,企业服务,北京,B轮,2000万美元,IDG资本
898,2007.2.13,https://www.itjuzi.com/investevents/8052,应届生求职网,企业服务,上海,A轮,数百万美元,投资方未透露
899,2007.2.1,https://www.itjuzi.com/investevents/17399,欢聚时代(多玩YY),工具软件,广东,A轮,300万美元,晨兴资本
900,2007.2.1,https://www.itjuzi.com/investevents/2744,暴风影音-暴风科技,文化娱乐,北京,B轮,数千万美元,IDG资本
901,2007.2.1,https://www.itjuzi.com/investevents/4641,56网,文化娱乐,广东,B轮,数千万美元,"SIG海纳亚洲,思伟投资"
902,2007.1.16,https://www.itjuzi.com/investevents/4837,齐家网,电子商务,上海,A轮,200万美元,投资方未透露
903,2007.1.1,https://www.itjuzi.com/investevents/1027,沪江网(沪江教育),教育,上海,天使轮,数百万人民币,投资方未透露
904,2007.1.1,https://www.itjuzi.com/investevents/3001,猪八戒网,企业服务,重庆,A轮,1000万人民币,投资方未透露
905,2007.1.1,https://www.itjuzi.com/investevents/3747,枫叶国际学校,教育,辽宁,A轮,500万美元,贝祥投资集团
906,2007.1.1,https://www.itjuzi.com/investevents/4024,好大夫在线,医疗健康,北京,天使轮,300万人民币,"联创策源,雷军-顺为创业"
907,2007.1.1,https://www.itjuzi.com/investevents/4360,腾信创新,广告营销,北京,A轮,数千万人民币,好望角投资
908,2007.1.1,https://www.itjuzi.com/investevents/527,房价网,房产服务,上海,天使轮,数百万人民币,投资方未透露
909,2007.1.1,https://www.itjuzi.com/investevents/1002,安美数字,房产服务,北京,A轮,1000万美元,投资方未透露
910,2007.1.1,https://www.itjuzi.com/investevents/1099,深圳快播科技,文化娱乐,广东,天使轮,数百万人民币,"奇虎360,德迅投资"
911,2007.1.1,https://www.itjuzi.com/investevents/2535,晶方科技,硬件,江苏,B轮,750万美元,投资方未透露
912,2007.1.1,https://www.itjuzi.com/investevents/2647,迅雷网络,文化娱乐,广东,C轮,2000万美元,"Google,联创策源,晨兴资本,IDG资本"
913,2007.1.1,https://www.itjuzi.com/investevents/2652,真朴教育,教育,北京,天使轮,数百万人民币,真格基金
914,2007.1.1,https://www.itjuzi.com/investevents/3046,触动传媒TouchMedia,广告营销,上海,A轮,数百万美元,启明创投
915,2006.12.30,https://www.itjuzi.com/investevents/8347,图吧,汽车交通,北京,B轮,1000万美元,"IDG资本,美国中经合集团"
916,2006.12.24,https://www.itjuzi.com/investevents/14058,万普世纪,广告营销,北京,天使轮,未透露,红杉资本中国
917,2006.12.23,https://www.itjuzi.com/investevents/13706,掌信彩通(穗彩科技),文化娱乐,天津,A轮,1500万美元,"红杉资本中国,SIG海纳亚洲,KTB投资集团"
918,2006.12.21,https://www.itjuzi.com/investevents/9123,摇篮网,教育,北京,B轮,1000万美元,"成为资本,兰馨亚洲"
919,2006.12.3,https://www.itjuzi.com/investevents/10133,天涯社区,社交网络,海南,B轮,数千万美元,"君联资本,Google,分众传媒"
920,2006.12.1,https://www.itjuzi.com/investevents/1072,买卖宝,电子商务,江苏,天使轮,500万人民币,投资方未透露
921,2006.12.1,https://www.itjuzi.com/investevents/287,YOHO!有货,电子商务,江苏,A轮,数百万美元,鼎晖投资
922,2006.12.1,https://www.itjuzi.com/investevents/712,搜课网,教育,北京,A轮,未透露,IDG资本
923,2006.12.1,https://www.itjuzi.com/investevents/1143,上海捷银支付,金融,上海,D轮,1000万美元,投资方未透露
924,2006.12.1,https://www.itjuzi.com/investevents/2048,TSM分时传媒,广告营销,四川,A轮,2000万美元,凯雷亚洲基金
925,2006.12.1,https://www.itjuzi.com/investevents/3053,UC优视科技,工具软件,广东,天使轮,数百万人民币,雷军-顺为创业
926,2006.12.1,https://www.itjuzi.com/investevents/3059,优酷土豆-合一集团,文化娱乐,北京,B轮,1200万美元,"Sutter Hill Ventures,Farallon Capital法拉龙资本,成为资本"
927,2006.12.1,https://www.itjuzi.com/investevents/3297,智联招聘,企业服务,北京,D轮,2000万美元,投资方未透露
928,2006.11.1,https://www.itjuzi.com/investevents/860,六间房,文化娱乐,北京,A轮,数百万美元,联创策源
929,2006.10.1,https://www.itjuzi.com/investevents/4640,56网,文化娱乐,广东,A轮,数百万美元,红杉资本中国
930,2006.10.1,https://www.itjuzi.com/investevents/1525,Madhouse亿动广告传媒,广告营销,上海,A轮,数百万美元,"戈壁投资,集富亚洲JAFCO"
931,2006.10.1,https://www.itjuzi.com/investevents/1812,上海皿鎏软件,游戏,上海,天使轮,数百万人民币,投资方未透露
932,2006.10.1,https://www.itjuzi.com/investevents/2448,高德,汽车交通,北京,A轮,4000万美元,"红杉资本中国,KPCB凯鹏华盈中国,君联资本,华登国际投资"
933,2006.10.1,https://www.itjuzi.com/investevents/2816,德比软件DerbySoft,旅游,上海,A轮,650万美元,北极光创投
934,2006.9.30,https://www.itjuzi.com/investevents/9445,互动百科集团,文化娱乐,北京,A轮,1500万美元,"DFJ德丰杰中国基金,北极光创投"
935,2006.9.1,https://www.itjuzi.com/investevents/1441,易宝支付YeePay,金融,北京,A轮,数千万美元,"DFJ德丰杰中国基金,英特尔投资Intel Capital"
936,2006.9.1,https://www.itjuzi.com/investevents/1957,酷讯旅游,旅游,北京,B轮,1000万美元,"SIG海纳亚洲,联创策源"
937,2006.9.1,https://www.itjuzi.com/investevents/2119,宜搜科技,工具软件,广东,B轮,5000万美元,智基创投IDT VC
938,2006.9.1,https://www.itjuzi.com/investevents/2308,狗民网,本地生活,北京,天使轮,未透露,华创资本
939,2006.9.1,https://www.itjuzi.com/investevents/2470,乐拍商城,电子商务,山东,A轮,1500万美元,"德同资本,光速安振,英特尔投资Intel Capital"
940,2006.8.15,https://www.itjuzi.com/investevents/1369,澜起科技Montage,硬件,上海,A轮,1000万美元,英特尔投资Intel Capital
941,2006.8.1,https://www.itjuzi.com/investevents/4758,CDP薪得付,企业服务,上海,B轮,数百万美元,住友商事亚洲资本
942,2006.8.1,https://www.itjuzi.com/investevents/450,万学教育,教育,北京,天使轮,数百万人民币,险峰长青(险峰华兴)
943,2006.8.1,https://www.itjuzi.com/investevents/979,我爱卡,金融,北京,A轮,数百万美元,SIG海纳亚洲
944,2006.7.12,https://www.itjuzi.com/investevents/1414,去哪儿,旅游,北京,A轮,200万美元,"金沙江创投,Mayfield Fund"
945,2006.7.1,https://www.itjuzi.com/investevents/1806,POCO网,社交网络,广东,B轮,1200万美元,IDG资本
946,2006.7.1,https://www.itjuzi.com/investevents/2469,V卡优惠,广告营销,北京,B轮,1000万美元,"光速安振,DFJ德丰杰中国基金,KPCB凯鹏华盈中国"
947,2006.7.1,https://www.itjuzi.com/investevents/2925,AeroHive艾诺威,硬件,浙江,A轮,400万美元,"北极光创投,Lightspeed Venture Partners美国光速"
948,2006.6.30,https://www.itjuzi.com/investevents/2394,掌上飞讯,游戏,北京,A轮,数百万美元,用友幸福投资
949,2006.6.27,https://www.itjuzi.com/investevents/19330,同洲电子,硬件,广东,IPO上市,亿元及以上人民币,投资方未透露
950,2006.6.12,https://www.itjuzi.com/investevents/9977,慈铭体检,医疗健康,北京,B轮,数千万人民币,鼎晖投资
951,2006.6.5,https://www.itjuzi.com/investevents/11883,亿玛科技,广告营销,北京,A轮,数百万美元,"华登国际投资,鼎晖投资"
952,2006.6.1,https://www.itjuzi.com/investevents/1581,久邦数码-3G门户,工具软件,广东,B轮,2000万美元,"IDG资本,美国中经合集团,集富亚洲JAFCO"
953,2006.6.1,https://www.itjuzi.com/investevents/1855,乐讯科技,本地生活,广东,天使轮,数百万人民币,雷军-顺为创业
954,2006.6.1,https://www.itjuzi.com/investevents/2301,动网先锋,游戏,海南,A轮,数百万美元,IDG资本
955,2006.6.1,https://www.itjuzi.com/investevents/2981,火石软件,游戏,广东,A轮,1000万美元,鼎晖投资
956,2006.5.24,https://www.itjuzi.com/investevents/14511,易图通科技,汽车交通,北京,A轮,400万美元,投资方未透露
957,2006.5.1,https://www.itjuzi.com/investevents/1358,易查搜索,工具软件,北京,B轮,数千万美元,联创策源
958,2006.4.1,https://www.itjuzi.com/investevents/7186,郁金香传媒,广告营销,上海,B轮,数千万美元,华平投资WI Harper Group
959,2006.3.1,https://www.itjuzi.com/investevents/10106,大旗网,文化娱乐,北京,天使轮,数百万人民币,隆领投资
960,2006.3.1,https://www.itjuzi.com/investevents/15321,CTG易才集团,企业服务,北京,A轮,数百万美元,纪源资本GGV
961,2006.3.1,https://www.itjuzi.com/investevents/751,百合网,社交网络,北京,B轮,900万美元,"金沙江创投,北极光创投,NEA恩颐投资"
962,2006.3.1,https://www.itjuzi.com/investevents/3012,51汽车,汽车交通,上海,A轮,540万美元,德同资本
963,2006.3.1,https://www.itjuzi.com/investevents/1432,弥亚微电子,硬件,上海,A轮,数百万美元,DFJ德丰杰中国基金
964,2006.3.1,https://www.itjuzi.com/investevents/1875,卡当网,电子商务,浙江,A轮,未透露,"NEA恩颐投资,红点投资Redpoint Ventures"
965,2006.3.1,https://www.itjuzi.com/investevents/1956,酷讯旅游,旅游,北京,A轮,200万美元,联创策源
966,2006.3.1,https://www.itjuzi.com/investevents/2300,动网先锋,游戏,海南,天使轮,数百万人民币,隆领投资
967,2006.2.1,https://www.itjuzi.com/investevents/1384,58同城,本地生活,北京,A轮,500万美元,赛富基金
968,2006.1.1,https://www.itjuzi.com/investevents/2743,暴风影音-暴风科技,文化娱乐,北京,A轮,300万美元,IDG资本
969,2006.1.1,https://www.itjuzi.com/investevents/950,视觉中国,文化娱乐,北京,天使轮,数百万人民币,投资方未透露
970,2006.1.1,https://www.itjuzi.com/investevents/1010,PPTV聚力传媒,文化娱乐,上海,A轮,数百万美元,"蓝驰创投,软银中国"
971,2006.1.1,https://www.itjuzi.com/investevents/1091,敦煌网DHgate,电子商务,北京,A轮,数百万美元,KPCB凯鹏华盈中国
972,2006.1.1,https://www.itjuzi.com/investevents/1570,CSDN,社交网络,北京,天使轮,数百万人民币,戈壁投资
973,2006.1.1,https://www.itjuzi.com/investevents/1702,汽车之家,汽车交通,北京,天使轮,数百万人民币,"薛蛮子,隆领投资,明势资本"
974,2006.1.1,https://www.itjuzi.com/investevents/2118,宜搜科技,工具软件,广东,A轮,数百万美元,智基创投IDT VC
975,2006.1.1,https://www.itjuzi.com/investevents/2553,大众点评网,本地生活,上海,A轮,200万美元,红杉资本中国
976,2006.1.1,https://www.itjuzi.com/investevents/2682,爱康国宾,医疗健康,北京,B轮,数百万美元,美国中经合集团
977,2006.1.1,https://www.itjuzi.com/investevents/2704,豆瓣,社交网络,北京,A轮,200万美元,联创策源
978,2005.12.22,https://www.itjuzi.com/investevents/17174,巨鲸音乐网,文化娱乐,北京,天使轮,300万美元,姚明
979,2005.12.1,https://www.itjuzi.com/investevents/15966,中文在线,文化娱乐,北京,A轮,400万美元,"北极光创投,嘉丰资本"
980,2005.12.1,https://www.itjuzi.com/investevents/4866,我爱卡,金融,北京,天使轮,105万人民币,投资方未透露
981,2005.12.1,https://www.itjuzi.com/investevents/7185,郁金香传媒,广告营销,上海,A轮,1000万美元,投资方未透露
982,2005.12.1,https://www.itjuzi.com/investevents/123,中天嘉华,金融,北京,B轮,数百万美元,纪源资本GGV
983,2005.12.1,https://www.itjuzi.com/investevents/865,小i机器人-智臻网络,企业服务,上海,A轮,数百万美元,IDG资本
984,2005.12.1,https://www.itjuzi.com/investevents/2646,迅雷网络,文化娱乐,广东,B轮,1000万美元,"晨兴资本,IDG资本"
985,2005.11.1,https://www.itjuzi.com/investevents/3058,优酷土豆-合一集团,文化娱乐,北京,A轮,300万美元,投资方未透露
986,2005.10.1,https://www.itjuzi.com/investevents/750,百合网,社交网络,北京,A轮,200万美元,金沙江创投
987,2005.9.1,https://www.itjuzi.com/investevents/1142,上海捷银支付,金融,上海,C轮,2000万美元,投资方未透露
988,2005.9.1,https://www.itjuzi.com/investevents/2387,PPS,文化娱乐,上海,A轮,100万美元,联创策源
989,2005.8.12,https://www.itjuzi.com/investevents/7097,快钱支付,金融,上海,A轮,数百万美元,DCM中国
990,2005.8.5,https://www.itjuzi.com/investevents/16585,百度Baidu,企业服务,北京,IPO上市,亿元及以上美元,投资方未透露
991,2005.8.1,https://www.itjuzi.com/investevents/4343,阿里巴巴集团,电子商务,浙江,D轮,10亿美元,雅虎
992,2005.8.1,https://www.itjuzi.com/investevents/1208,上海新浩艺软件Hintsoft,游戏,上海,A轮,数百万美元,IDG资本
993,2005.8.1,https://www.itjuzi.com/investevents/1357,易查搜索,工具软件,北京,A轮,数百万美元,KPCB凯鹏华盈中国
994,2005.7.3,https://www.itjuzi.com/investevents/10132,天涯社区,社交网络,海南,A轮,数百万美元,"IDG资本,清科创投"
995,2005.7.1,https://www.itjuzi.com/investevents/2468,V卡优惠,广告营销,北京,A轮,数百万美元,"DFJ德丰杰中国基金,KPCB凯鹏华盈中国"
996,2005.7.1,https://www.itjuzi.com/investevents/3296,智联招聘,企业服务,北京,C轮,770万美元,"君联资本,智基创投IDT VC"
997,2005.6.1,https://www.itjuzi.com/investevents/1009,PPTV聚力传媒,文化娱乐,上海,天使轮,50万美元,软银中国
998,2005.4.30,https://www.itjuzi.com/investevents/17398,欢聚时代(多玩YY),工具软件,广东,天使轮,100万美元,雷军-顺为创业
999,2005.4.1,https://www.itjuzi.com/investevents/2310,亿美软通,企业服务,北京,B轮,1000万美元,IDG资本
1000,2005.4.1,https://www.itjuzi.com/investevents/2534,晶方科技,硬件,江苏,A轮,数千万美元,"英飞尼迪Infinity,元禾控股"
1001,2005.3.3,https://www.itjuzi.com/investevents/9509,中搜网络,工具软件,北京,A轮,4000万美元,"斯道资本(富达亚洲),IDG资本,联想集团"
1002,2005.1.1,https://www.itjuzi.com/investevents/1580,久邦数码-3G门户,工具软件,广东,A轮,200万美元,IDG资本
1003,2005.1.1,https://www.itjuzi.com/investevents/378,大麦网,文化娱乐,北京,A轮,3000万人民币,君联资本
1004,2005.1.1,https://www.itjuzi.com/investevents/442,5173游戏网,游戏,浙江,B轮,数千万美元,"IDG资本,KTB投资集团,华登国际投资"
1005,2005.1.1,https://www.itjuzi.com/investevents/2681,爱康国宾,医疗健康,北京,A轮,数百万美元,美国中经合集团
1006,2005.1.1,https://www.itjuzi.com/investevents/2952,上海移通网络,广告营销,上海,A轮,数百万美元,投资方未透露
1007,2004.12.11,https://www.itjuzi.com/investevents/13397,珍爱网,社交网络,广东,A轮,450万美元,TPG Growth新桥资本
1008,2004.12.1,https://www.itjuzi.com/investevents/8709,艺龙旅行,旅游,北京,IPO上市后,未透露,Expedia
1009,2004.12.1,https://www.itjuzi.com/investevents/4342,阿里巴巴集团,电子商务,浙江,C轮,8200万美元,"软银中国,斯道资本(富达亚洲),KPCB凯鹏华盈中国,纪源资本GGV"
1010,2000.1.1,https://www.itjuzi.com/investevents/3294,智联招聘,企业服务,北京,A轮,300万美元,兰馨亚洲
1011,1999.12.1,https://www.itjuzi.com/investevents/4340,阿里巴巴集团,电子商务,浙江,A轮,500万美元,"高盛集团(中国),银瑞达Investor AB"
1012,1999.10.1,https://www.itjuzi.com/investevents/8713,携程,旅游,上海,天使轮,50万美元,IDG资本
1013,1999.6.7,https://www.itjuzi.com/investevents/10241,搜房网-房天下,房产服务,北京,A轮,数百万美元,IDG资本
